[vite] connecting... client:495:9
Download the React DevTools for a better development experience: https://reactjs.org/link/react-devtools chunk-373CG7ZK.js:21549:25
[vite] connected. client:618:15
[vite] hot updated: /src/components/GameShell.tsx client:223:19
[vite] hot updated: /src/index.css client:223:19
[vite] hot updated: /src/components/GameShell.tsx client:223:19
[vite] hot updated: /src/index.css client:223:19
[vite] hot updated: /src/components/GameShell.tsx client:223:19
[vite] hot updated: /src/index.css client:223:19
[vite] hot updated: /src/components/GameShell.tsx client:223:19
[vite] hot updated: /src/index.css client:223:19
[vite] hot updated: /src/components/PrimaryDisplay.tsx client:223:19
[vite] hot updated: /src/index.css client:223:19
[vite] hot updated: /src/components/PrimaryDisplay.tsx client:223:19
[vite] hot updated: /src/index.css client:223:19
[vite] hot updated: /src/components/PrimaryDisplay.tsx client:223:19
[vite] hot updated: /src/index.css client:223:19
[vite] hot updated: /src/components/PrimaryDisplay.tsx client:223:19
[vite] hot updated: /src/index.css client:223:19
[vite] hot updated: /src/components/PrimaryDisplay.tsx client:223:19
[vite] hot updated: /src/index.css client:223:19
[vite] hot updated: /src/components/PrimaryDisplay.tsx client:223:19
[vite] hot updated: /src/index.css client:223:19
[vite] hot updated: /src/components/PrimaryDisplay.tsx client:223:19
[vite] hot updated: /src/index.css client:223:19
[vite] hot updated: /src/components/MapWindowClient.tsx client:223:19
[vite] hot updated: /src/index.css client:223:19
[vite] hot updated: /src/components/MapDisplay.tsx client:223:19
[vite] hot updated: /src/index.css client:223:19
[vite] hot updated: /src/components/MapDisplay.tsx client:223:19
[vite] hot updated: /src/index.css client:223:19
[vite] hot updated: /src/components/MapDisplay.tsx client:223:19
[vite] hot updated: /src/index.css client:223:19
[vite] hot updated: /src/components/MapDisplay.tsx client:223:19
[vite] hot updated: /src/index.css client:223:19
[vite] hot updated: /src/components/GameShell.tsx client:223:19
[vite] hot updated: /src/index.css client:223:19
[vite] hot updated: /src/components/GameShell.tsx client:223:19
[vite] hot updated: /src/index.css client:223:19
[vite] hot updated: /src/components/GameShell.tsx client:223:19
[vite] hot updated: /src/index.css client:223:19
[vite] hot updated: /src/components/MapDisplay.tsx client:223:19
[vite] hot updated: /src/index.css client:223:19
[vite] hot updated: /src/components/PrimaryDisplay.tsx client:223:19
[vite] hot updated: /src/index.css client:223:19
[vite] hot updated: /src/components/GameShell.tsx client:223:19
[vite] hot updated: /src/index.css client:223:19
[vite] hot updated: /src/components/MapWindowClient.tsx client:223:19
[vite] hot updated: /src/index.css client:223:19
[vite] hot updated: /src/components/MapDisplay.tsx client:223:19
[vite] hot updated: /src/index.css client:223:19
[vite] hot updated: /src/components/MapDisplay.tsx client:223:19
[vite] hot updated: /src/index.css client:223:19
[MAP DISPLAY] state.openMissionId changed to: null MapDisplay.tsx:88:20
[MAP DISPLAY] setTacticalMissionId → null MapDisplay.tsx:90:20
[vite] hot updated: /src/components/MapWindowClient.tsx client:223:19
[vite] hot updated: /src/index.css client:223:19
[vite] hot updated: /src/components/GameShell.tsx client:223:19
[vite] hot updated: /src/index.css client:223:19
[vite] hot updated: /src/components/GameShell.tsx client:223:19
[vite] hot updated: /src/index.css client:223:19
[vite] hot updated: /src/components/PrimaryDisplay.tsx client:223:19
[vite] hot updated: /src/index.css client:223:19
[vite] hot updated: /src/components/PrimaryDisplay.tsx client:223:19
[vite] hot updated: /src/index.css client:223:19
[MAP CLIENT] message received — openMissionId: null elapsed: 667.787 isAction: false MapWindowClient.tsx:30:22
[MAP CLIENT] message received — openMissionId: null elapsed: 667.888 isAction: false MapWindowClient.tsx:30:22
[MAP CLIENT] message received — openMissionId: null elapsed: 667.993 isAction: false MapWindowClient.tsx:30:22
[MAP CLIENT] message received — openMissionId: null elapsed: 668.099 isAction: false MapWindowClient.tsx:30:22
[MAP CLIENT] message received — openMissionId: null elapsed: 668.204 isAction: false MapWindowClient.tsx:30:22
[MAP CLIENT] message received — openMissionId: null elapsed: 668.305 isAction: false MapWindowClient.tsx:30:22
[MAP CLIENT] message received — openMissionId: null elapsed: 668.405 isAction: false MapWindowClient.tsx:30:22
[MAP CLIENT] message received — openMissionId: null elapsed: 668.505 isAction: false MapWindowClient.tsx:30:22
[MAP CLIENT] message received — openMissionId: null elapsed: 668.605 isAction: false MapWindowClient.tsx:30:22
[MAP CLIENT] message received — openMissionId: null elapsed: 668.705 isAction: false MapWindowClient.tsx:30:22
[MAP CLIENT] message received — openMissionId: null elapsed: 668.811 isAction: false MapWindowClient.tsx:30:22
[MAP CLIENT] message received — openMissionId: null elapsed: 668.916 isAction: false MapWindowClient.tsx:30:22
[MAP CLIENT] message received — openMissionId: null elapsed: 669.023 isAction: false MapWindowClient.tsx:30:22
[MAP CLIENT] message received — openMissionId: null elapsed: 669.123 isAction: false MapWindowClient.tsx:30:22
[MAP CLIENT] message received — openMissionId: null elapsed: 669.229 isAction: false MapWindowClient.tsx:30:22
[MAP CLIENT] message received — openMissionId: null elapsed: 669.334 isAction: false MapWindowClient.tsx:30:22
[MAP CLIENT] message received — openMissionId: null elapsed: 669.435 isAction: false MapWindowClient.tsx:30:22
[MAP CLIENT] message received — openMissionId: null elapsed: 669.54 isAction: false MapWindowClient.tsx:30:22
[MAP CLIENT] message received — openMissionId: null elapsed: 669.64 isAction: false MapWindowClient.tsx:30:22
[MAP CLIENT] message received — openMissionId: null elapsed: 669.74 isAction: false MapWindowClient.tsx:30:22
[MAP CLIENT] message received — openMissionId: null elapsed: 669.84 isAction: false MapWindowClient.tsx:30:22
[MAP CLIENT] message received — openMissionId: null elapsed: 669.94 isAction: false MapWindowClient.tsx:30:22
[MAP CLIENT] message received — openMissionId: null elapsed: 670.046 isAction: false MapWindowClient.tsx:30:22
[MAP CLIENT] message received — openMissionId: null elapsed: 670.153 isAction: false MapWindowClient.tsx:30:22
[MAP CLIENT] message received — openMissionId: null elapsed: 670.258 isAction: false MapWindowClient.tsx:30:22
[MAP CLIENT] message received — openMissionId: null elapsed: 670.364 isAction: false MapWindowClient.tsx:30:22
[MAP CLIENT] message received — openMissionId: null elapsed: 670.47 isAction: false MapWindowClient.tsx:30:22
[MAP CLIENT] message received — openMissionId: null elapsed: 670.57 isAction: false MapWindowClient.tsx:30:22
[MAP CLIENT] message received — openMissionId: null elapsed: 670.675 isAction: false MapWindowClient.tsx:30:22
[MAP CLIENT] message received — openMissionId: null elapsed: 670.776 isAction: false MapWindowClient.tsx:30:22
[MAP CLIENT] message received — openMissionId: null elapsed: 670.881 isAction: false MapWindowClient.tsx:30:22
[MAP CLIENT] message received — openMissionId: null elapsed: 670.981 isAction: false MapWindowClient.tsx:30:22
[MAP CLIENT] message received — openMissionId: null elapsed: 671.081 isAction: false MapWindowClient.tsx:30:22
[MAP CLIENT] message received — openMissionId: null elapsed: 671.182 isAction: false MapWindowClient.tsx:30:22
[MAP CLIENT] message received — openMissionId: null elapsed: 671.288 isAction: false MapWindowClient.tsx:30:22
[MAP CLIENT] message received — openMissionId: null elapsed: 671.393 isAction: false MapWindowClient.tsx:30:22
[MAP CLIENT] message received — openMissionId: null elapsed: 671.493 isAction: false MapWindowClient.tsx:30:22
[MAP CLIENT] message received — openMissionId: null elapsed: 671.599 isAction: false MapWindowClient.tsx:30:22
[MAP CLIENT] message received — openMissionId: null elapsed: 671.705 isAction: false MapWindowClient.tsx:30:22
[MAP CLIENT] message received — openMissionId: null elapsed: 671.811 isAction: false MapWindowClient.tsx:30:22
[MAP CLIENT] message received — openMissionId: null elapsed: 671.916 isAction: false MapWindowClient.tsx:30:22
[MAP CLIENT] message received — openMissionId: null elapsed: 672.017 isAction: false MapWindowClient.tsx:30:22
[MAP CLIENT] message received — openMissionId: null elapsed: 672.123 isAction: false MapWindowClient.tsx:30:22
[MAP CLIENT] message received — openMissionId: null elapsed: 672.228 isAction: false MapWindowClient.tsx:30:22
[MAP CLIENT] message received — openMissionId: null elapsed: 672.328 isAction: false MapWindowClient.tsx:30:22
[MAP CLIENT] message received — openMissionId: null elapsed: 672.429 isAction: false MapWindowClient.tsx:30:22
[MAP CLIENT] message received — openMissionId: null elapsed: 672.535 isAction: false MapWindowClient.tsx:30:22
[MAP CLIENT] message received — openMissionId: null elapsed: 672.64 isAction: false MapWindowClient.tsx:30:22
[MAP CLIENT] message received — openMissionId: null elapsed: 672.74 isAction: false MapWindowClient.tsx:30:22
[MAP CLIENT] message received — openMissionId: null elapsed: 672.84 isAction: false MapWindowClient.tsx:30:22
[MAP CLIENT] message received — openMissionId: null elapsed: 672.94 isAction: false MapWindowClient.tsx:30:22
[MAP CLIENT] message received — openMissionId: null elapsed: 673.045 isAction: false MapWindowClient.tsx:30:22
[MAP CLIENT] message received — openMissionId: null elapsed: 0 isAction: false 2 MapWindowClient.tsx:30:22
[MAP CLIENT] message received — openMissionId: null elapsed: 0.102 isAction: false MapWindowClient.tsx:30:22
[MAP CLIENT] message received — openMissionId: null elapsed: 0.207 isAction: false MapWindowClient.tsx:30:22
[MAP CLIENT] message received — openMissionId: null elapsed: 0.308 isAction: false MapWindowClient.tsx:30:22
[MAP CLIENT] message received — openMissionId: null elapsed: 0.413 isAction: false MapWindowClient.tsx:30:22
[MAP CLIENT] message received — openMissionId: null elapsed: 0.514 isAction: false MapWindowClient.tsx:30:22
[MAP CLIENT] message received — openMissionId: null elapsed: 0.619 isAction: false MapWindowClient.tsx:30:22
[MAP CLIENT] message received — openMissionId: null elapsed: 0.725 isAction: false MapWindowClient.tsx:30:22
[MAP CLIENT] message received — openMissionId: null elapsed: 0.831 isAction: false MapWindowClient.tsx:30:22
[MAP CLIENT] message received — openMissionId: null elapsed: 0.931 isAction: false MapWindowClient.tsx:30:22
[MAP CLIENT] message received — openMissionId: null elapsed: 1.037 isAction: false MapWindowClient.tsx:30:22
[MAP CLIENT] message received — openMissionId: null elapsed: 1.137 isAction: false MapWindowClient.tsx:30:22
[MAP CLIENT] message received — openMissionId: null elapsed: 1.237 isAction: false MapWindowClient.tsx:30:22
[MAP CLIENT] message received — openMissionId: null elapsed: 1.343 isAction: false MapWindowClient.tsx:30:22
[MAP CLIENT] message received — openMissionId: null elapsed: 1.443 isAction: false MapWindowClient.tsx:30:22
[MAP CLIENT] message received — openMissionId: null elapsed: 1.549 isAction: false MapWindowClient.tsx:30:22
[MAP CLIENT] message received — openMissionId: null elapsed: 1.649 isAction: false MapWindowClient.tsx:30:22
[MAP CLIENT] message received — openMissionId: null elapsed: 1.749 isAction: false MapWindowClient.tsx:30:22
[MAP CLIENT] message received — openMissionId: null elapsed: 1.854 isAction: false MapWindowClient.tsx:30:22
[MAP CLIENT] message received — openMissionId: null elapsed: 1.96 isAction: false MapWindowClient.tsx:30:22
[MAP CLIENT] message received — openMissionId: null elapsed: 2.06 isAction: false MapWindowClient.tsx:30:22
[MAP CLIENT] message received — openMissionId: null elapsed: 2.161 isAction: false MapWindowClient.tsx:30:22
[MAP CLIENT] message received — openMissionId: null elapsed: 2.266 isAction: false MapWindowClient.tsx:30:22
[MAP CLIENT] message received — openMissionId: null elapsed: 2.367 isAction: false MapWindowClient.tsx:30:22
[MAP CLIENT] message received — openMissionId: null elapsed: 2.39 isAction: false MapWindowClient.tsx:30:22
[MAP CLIENT] message received — openMissionId: null elapsed: 2.49 isAction: false MapWindowClient.tsx:30:22
[MAP CLIENT] message received — openMissionId: null elapsed: 2.596 isAction: false MapWindowClient.tsx:30:22
[MAP CLIENT] message received — openMissionId: null elapsed: 2.696 isAction: false MapWindowClient.tsx:30:22
[MAP CLIENT] message received — openMissionId: null elapsed: 2.801 isAction: false MapWindowClient.tsx:30:22
[MAP CLIENT] message received — openMissionId: null elapsed: 2.902 isAction: false MapWindowClient.tsx:30:22
[MAP CLIENT] message received — openMissionId: null elapsed: 3.007 isAction: false MapWindowClient.tsx:30:22
[MAP CLIENT] message received — openMissionId: null elapsed: 3.107 isAction: false MapWindowClient.tsx:30:22
[MAP CLIENT] message received — openMissionId: null elapsed: 3.208 isAction: false MapWindowClient.tsx:30:22
[MAP CLIENT] message received — openMissionId: null elapsed: 3.314 isAction: false MapWindowClient.tsx:30:22
[MAP CLIENT] message received — openMissionId: null elapsed: 3.419 isAction: false MapWindowClient.tsx:30:22
[MAP CLIENT] message received — openMissionId: null elapsed: 3.519 isAction: false MapWindowClient.tsx:30:22
[MAP CLIENT] message received — openMissionId: null elapsed: 3.62 isAction: false MapWindowClient.tsx:30:22
[MAP CLIENT] message received — openMissionId: null elapsed: 3.725 isAction: false MapWindowClient.tsx:30:22
[MAP CLIENT] message received — openMissionId: null elapsed: 3.826 isAction: false MapWindowClient.tsx:30:22
[MAP CLIENT] message received — openMissionId: null elapsed: 3.931 isAction: false MapWindowClient.tsx:30:22
[MAP CLIENT] message received — openMissionId: null elapsed: 4.037 isAction: false MapWindowClient.tsx:30:22
[MAP CLIENT] message received — openMissionId: null elapsed: 4.143 isAction: false MapWindowClient.tsx:30:22
[MAP CLIENT] message received — openMissionId: null elapsed: 4.243 isAction: false MapWindowClient.tsx:30:22
[MAP CLIENT] message received — openMissionId: null elapsed: 4.349 isAction: false MapWindowClient.tsx:30:22
[MAP CLIENT] message received — openMissionId: null elapsed: 4.455 isAction: false MapWindowClient.tsx:30:22
[MAP CLIENT] message received — openMissionId: null elapsed: 4.56 isAction: false MapWindowClient.tsx:30:22
[MAP CLIENT] message received — openMissionId: null elapsed: 4.66 isAction: false MapWindowClient.tsx:30:22
[MAP CLIENT] message received — openMissionId: null elapsed: 4.766 isAction: false MapWindowClient.tsx:30:22
[MAP CLIENT] message received — openMissionId: null elapsed: 4.867 isAction: false MapWindowClient.tsx:30:22
[MAP CLIENT] message received — openMissionId: null elapsed: 4.972 isAction: false MapWindowClient.tsx:30:22
[MAP CLIENT] message received — openMissionId: null elapsed: 5.079 isAction: false MapWindowClient.tsx:30:22
[MAP CLIENT] message received — openMissionId: null elapsed: 5.184 isAction: false MapWindowClient.tsx:30:22
[MAP CLIENT] message received — openMissionId: null elapsed: 5.29 isAction: false MapWindowClient.tsx:30:22
[MAP CLIENT] message received — openMissionId: null elapsed: 5.396 isAction: false MapWindowClient.tsx:30:22
[MAP CLIENT] message received — openMissionId: null elapsed: 5.502 isAction: false MapWindowClient.tsx:30:22
[MAP CLIENT] message received — openMissionId: null elapsed: 5.602 isAction: false MapWindowClient.tsx:30:22
[MAP CLIENT] message received — openMissionId: null elapsed: 5.708 isAction: false MapWindowClient.tsx:30:22
[MAP CLIENT] message received — openMissionId: null elapsed: 5.813 isAction: false MapWindowClient.tsx:30:22
[MAP CLIENT] message received — openMissionId: null elapsed: 5.913 isAction: false MapWindowClient.tsx:30:22
[MAP CLIENT] message received — openMissionId: null elapsed: 6.019 isAction: false MapWindowClient.tsx:30:22
[MAP CLIENT] message received — openMissionId: null elapsed: 6.125 isAction: false MapWindowClient.tsx:30:22
[MAP CLIENT] message received — openMissionId: null elapsed: 6.231 isAction: false 2 MapWindowClient.tsx:30:22
[MAP CLIENT] message received — openMissionId: null elapsed: 6.332 isAction: false MapWindowClient.tsx:30:22
[MAP CLIENT] message received — openMissionId: null elapsed: 6.437 isAction: false MapWindowClient.tsx:30:22
[MAP CLIENT] message received — openMissionId: null elapsed: 6.543 isAction: false MapWindowClient.tsx:30:22
[MAP CLIENT] message received — openMissionId: null elapsed: 6.649 isAction: false MapWindowClient.tsx:30:22
[MAP CLIENT] message received — openMissionId: null elapsed: 6.755 isAction: false MapWindowClient.tsx:30:22
[MAP CLIENT] message received — openMissionId: null elapsed: 6.855 isAction: false MapWindowClient.tsx:30:22
[MAP CLIENT] message received — openMissionId: null elapsed: 6.96 isAction: false MapWindowClient.tsx:30:22
[MAP CLIENT] message received — openMissionId: null elapsed: 7.066 isAction: false MapWindowClient.tsx:30:22
[MAP CLIENT] message received — openMissionId: null elapsed: 7.166 isAction: false MapWindowClient.tsx:30:22
[MAP CLIENT] message received — openMissionId: null elapsed: 7.272 isAction: false MapWindowClient.tsx:30:22
[MAP CLIENT] message received — openMissionId: null elapsed: 7.378 isAction: false MapWindowClient.tsx:30:22
[MAP CLIENT] message received — openMissionId: null elapsed: 7.479 isAction: false MapWindowClient.tsx:30:22
[MAP CLIENT] message received — openMissionId: null elapsed: 7.584 isAction: false MapWindowClient.tsx:30:22
[MAP CLIENT] message received — openMissionId: null elapsed: 7.684 isAction: false MapWindowClient.tsx:30:22
[MAP CLIENT] message received — openMissionId: null elapsed: 7.785 isAction: false MapWindowClient.tsx:30:22
[MAP CLIENT] message received — openMissionId: null elapsed: 7.89 isAction: false MapWindowClient.tsx:30:22
[MAP CLIENT] message received — openMissionId: null elapsed: 7.996 isAction: false MapWindowClient.tsx:30:22
[MAP CLIENT] message received — openMissionId: null elapsed: 8.102 isAction: false MapWindowClient.tsx:30:22
[MAP CLIENT] message received — openMissionId: null elapsed: 8.208 isAction: false MapWindowClient.tsx:30:22
[MAP CLIENT] message received — openMissionId: null elapsed: 8.313 isAction: false MapWindowClient.tsx:30:22
[MAP CLIENT] message received — openMissionId: null elapsed: 8.414 isAction: false MapWindowClient.tsx:30:22
[MAP CLIENT] message received — openMissionId: null elapsed: 8.52 isAction: false MapWindowClient.tsx:30:22
[MAP CLIENT] message received — openMissionId: null elapsed: 8.625 isAction: false MapWindowClient.tsx:30:22
[MAP CLIENT] message received — openMissionId: null elapsed: 8.731 isAction: false MapWindowClient.tsx:30:22
[MAP CLIENT] message received — openMissionId: null elapsed: 8.837 isAction: false MapWindowClient.tsx:30:22
[MAP CLIENT] message received — openMissionId: null elapsed: 8.942 isAction: false MapWindowClient.tsx:30:22
[MAP CLIENT] message received — openMissionId: null elapsed: 9.043 isAction: false MapWindowClient.tsx:30:22
[MAP CLIENT] message received — openMissionId: null elapsed: 9.143 isAction: false MapWindowClient.tsx:30:22
[MAP CLIENT] message received — openMissionId: null elapsed: 9.249 isAction: false MapWindowClient.tsx:30:22
[MAP CLIENT] message received — openMissionId: null elapsed: 9.355 isAction: false MapWindowClient.tsx:30:22
[MAP CLIENT] message received — openMissionId: null elapsed: 9.46 isAction: false MapWindowClient.tsx:30:22
[MAP CLIENT] message received — openMissionId: null elapsed: 9.566 isAction: false MapWindowClient.tsx:30:22
[MAP CLIENT] message received — openMissionId: null elapsed: 9.672 isAction: false MapWindowClient.tsx:30:22
[MAP CLIENT] message received — openMissionId: null elapsed: 9.778 isAction: false MapWindowClient.tsx:30:22
[MAP CLIENT] message received — openMissionId: null elapsed: 9.884 isAction: false MapWindowClient.tsx:30:22
[MAP CLIENT] message received — openMissionId: null elapsed: 9.99 isAction: false MapWindowClient.tsx:30:22
[MAP CLIENT] message received — openMissionId: null elapsed: 10.096 isAction: false MapWindowClient.tsx:30:22
[MAP CLIENT] message received — openMissionId: null elapsed: 10.201 isAction: false MapWindowClient.tsx:30:22
[MAP CLIENT] message received — openMissionId: null elapsed: 10.302 isAction: false MapWindowClient.tsx:30:22
[MAP CLIENT] message received — openMissionId: null elapsed: 10.408 isAction: false MapWindowClient.tsx:30:22
[MAP CLIENT] message received — openMissionId: null elapsed: 10.514 isAction: false MapWindowClient.tsx:30:22
[MAP CLIENT] message received — openMissionId: null elapsed: 10.619 isAction: false MapWindowClient.tsx:30:22
[MAP CLIENT] message received — openMissionId: null elapsed: 10.725 isAction: false MapWindowClient.tsx:30:22
[MAP CLIENT] message received — openMissionId: null elapsed: 10.831 isAction: false MapWindowClient.tsx:30:22
[MAP CLIENT] message received — openMissionId: null elapsed: 10.937 isAction: false MapWindowClient.tsx:30:22
[MAP CLIENT] message received — openMissionId: null elapsed: 11.037 isAction: false MapWindowClient.tsx:30:22
[MAP CLIENT] message received — openMissionId: null elapsed: 11.143 isAction: false MapWindowClient.tsx:30:22
[MAP CLIENT] message received — openMissionId: null elapsed: 11.248 isAction: false MapWindowClient.tsx:30:22
[MAP CLIENT] message received — openMissionId: null elapsed: 11.348 isAction: false MapWindowClient.tsx:30:22
[MAP CLIENT] message received — openMissionId: null elapsed: 11.449 isAction: false MapWindowClient.tsx:30:22
[MAP CLIENT] message received — openMissionId: null elapsed: 11.555 isAction: false MapWindowClient.tsx:30:22
[MAP CLIENT] message received — openMissionId: null elapsed: 11.661 isAction: false MapWindowClient.tsx:30:22
[MAP CLIENT] message received — openMissionId: null elapsed: 11.766 isAction: false MapWindowClient.tsx:30:22
[MAP CLIENT] message received — openMissionId: null elapsed: 11.872 isAction: false MapWindowClient.tsx:30:22
[MAP CLIENT] message received — openMissionId: null elapsed: 11.978 isAction: false MapWindowClient.tsx:30:22
[MAP CLIENT] message received — openMissionId: null elapsed: 12.084 isAction: false MapWindowClient.tsx:30:22
[MAP CLIENT] message received — openMissionId: null elapsed: 12.19 isAction: false MapWindowClient.tsx:30:22
[MAP CLIENT] message received — openMissionId: null elapsed: 12.296 isAction: false MapWindowClient.tsx:30:22
[MAP CLIENT] message received — openMissionId: null elapsed: 12.396 isAction: false MapWindowClient.tsx:30:22
[MAP CLIENT] message received — openMissionId: null elapsed: 12.502 isAction: false MapWindowClient.tsx:30:22
[MAP CLIENT] message received — openMissionId: null elapsed: 12.608 isAction: false MapWindowClient.tsx:30:22
[MAP CLIENT] message received — openMissionId: null elapsed: 12.713 isAction: false MapWindowClient.tsx:30:22
[MAP CLIENT] message received — openMissionId: null elapsed: 12.814 isAction: false MapWindowClient.tsx:30:22
[MAP CLIENT] message received — openMissionId: null elapsed: 12.919 isAction: false MapWindowClient.tsx:30:22
[MAP CLIENT] message received — openMissionId: null elapsed: 13.02 isAction: false MapWindowClient.tsx:30:22
[MAP CLIENT] message received — openMissionId: null elapsed: 13.125 isAction: false MapWindowClient.tsx:30:22
[MAP CLIENT] message received — openMissionId: null elapsed: 13.231 isAction: false MapWindowClient.tsx:30:22
[MAP CLIENT] message received — openMissionId: null elapsed: 13.337 isAction: false MapWindowClient.tsx:30:22
[MAP CLIENT] message received — openMissionId: null elapsed: 13.443 isAction: false MapWindowClient.tsx:30:22
[MAP CLIENT] message received — openMissionId: null elapsed: 13.548 isAction: false MapWindowClient.tsx:30:22
[MAP CLIENT] message received — openMissionId: null elapsed: 13.649 isAction: false MapWindowClient.tsx:30:22
[MAP CLIENT] message received — openMissionId: null elapsed: 13.749 isAction: false MapWindowClient.tsx:30:22
[MAP CLIENT] message received — openMissionId: null elapsed: 13.855 isAction: false MapWindowClient.tsx:30:22
[MAP CLIENT] message received — openMissionId: null elapsed: 13.96 isAction: false MapWindowClient.tsx:30:22
[MAP CLIENT] message received — openMissionId: null elapsed: 14.066 isAction: false MapWindowClient.tsx:30:22
[MAP CLIENT] message received — openMissionId: null elapsed: 14.167 isAction: false MapWindowClient.tsx:30:22
[MAP CLIENT] message received — openMissionId: null elapsed: 14.272 isAction: false MapWindowClient.tsx:30:22
[MAP CLIENT] message received — openMissionId: null elapsed: 14.378 isAction: false MapWindowClient.tsx:30:22
[MAP CLIENT] message received — openMissionId: null elapsed: 14.484 isAction: false MapWindowClient.tsx:30:22
[MAP CLIENT] message received — openMissionId: null elapsed: 14.59 isAction: false MapWindowClient.tsx:30:22
[MAP CLIENT] message received — openMissionId: null elapsed: 14.696 isAction: false MapWindowClient.tsx:30:22
[MAP CLIENT] message received — openMissionId: null elapsed: 14.802 isAction: false MapWindowClient.tsx:30:22
[MAP CLIENT] message received — openMissionId: null elapsed: 14.908 isAction: false MapWindowClient.tsx:30:22
[MAP CLIENT] message received — openMissionId: null elapsed: 15.013 isAction: false MapWindowClient.tsx:30:22
[MAP CLIENT] message received — openMissionId: null elapsed: 15.119 isAction: false MapWindowClient.tsx:30:22
[MAP CLIENT] message received — openMissionId: null elapsed: 15.225 isAction: false MapWindowClient.tsx:30:22
[MAP CLIENT] message received — openMissionId: null elapsed: 15.331 isAction: false MapWindowClient.tsx:30:22
[MAP CLIENT] message received — openMissionId: null elapsed: 15.437 isAction: false MapWindowClient.tsx:30:22
[MAP CLIENT] message received — openMissionId: null elapsed: 15.537 isAction: false MapWindowClient.tsx:30:22
[MAP CLIENT] message received — openMissionId: null elapsed: 15.643 isAction: false MapWindowClient.tsx:30:22
[MAP CLIENT] message received — openMissionId: null elapsed: 15.748 isAction: false MapWindowClient.tsx:30:22
[MAP CLIENT] message received — openMissionId: null elapsed: 15.849 isAction: false MapWindowClient.tsx:30:22
[MAP CLIENT] message received — openMissionId: null elapsed: 15.955 isAction: false MapWindowClient.tsx:30:22
[MAP CLIENT] message received — openMissionId: null elapsed: 16.061 isAction: false MapWindowClient.tsx:30:22
[MAP CLIENT] message received — openMissionId: null elapsed: 16.166 isAction: false MapWindowClient.tsx:30:22
[MAP CLIENT] message received — openMissionId: null elapsed: 16.273 isAction: false MapWindowClient.tsx:30:22
[MAP CLIENT] message received — openMissionId: null elapsed: 16.378 isAction: false MapWindowClient.tsx:30:22
[MAP CLIENT] message received — openMissionId: null elapsed: 16.478 isAction: false MapWindowClient.tsx:30:22
[MAP CLIENT] message received — openMissionId: null elapsed: 16.584 isAction: false MapWindowClient.tsx:30:22
[MAP CLIENT] message received — openMissionId: null elapsed: 16.684 isAction: false MapWindowClient.tsx:30:22
[MAP CLIENT] message received — openMissionId: null elapsed: 16.79 isAction: false MapWindowClient.tsx:30:22
[MAP CLIENT] message received — openMissionId: null elapsed: 16.89 isAction: false MapWindowClient.tsx:30:22
[MAP CLIENT] message received — openMissionId: null elapsed: 16.996 isAction: false MapWindowClient.tsx:30:22
[MAP CLIENT] message received — openMissionId: null elapsed: 17.096 isAction: false MapWindowClient.tsx:30:22
[MAP CLIENT] message received — openMissionId: null elapsed: 17.196 isAction: false MapWindowClient.tsx:30:22
[MAP CLIENT] message received — openMissionId: null elapsed: 17.301 isAction: false MapWindowClient.tsx:30:22
[MAP CLIENT] message received — openMissionId: null elapsed: 17.401 isAction: false MapWindowClient.tsx:30:22
[MAP CLIENT] message received — openMissionId: null elapsed: 17.502 isAction: false MapWindowClient.tsx:30:22
[MAP CLIENT] message received — openMissionId: null elapsed: 17.608 isAction: false MapWindowClient.tsx:30:22
[MAP CLIENT] message received — openMissionId: null elapsed: 17.713 isAction: false MapWindowClient.tsx:30:22
[MAP CLIENT] message received — openMissionId: null elapsed: 17.819 isAction: false MapWindowClient.tsx:30:22
[MAP CLIENT] message received — openMissionId: null elapsed: 17.919 isAction: false MapWindowClient.tsx:30:22
[MAP CLIENT] message received — openMissionId: null elapsed: 18.025 isAction: false MapWindowClient.tsx:30:22
[MAP CLIENT] message received — openMissionId: null elapsed: 18.125 isAction: false MapWindowClient.tsx:30:22
[MAP CLIENT] message received — openMissionId: null elapsed: 18.225 isAction: false MapWindowClient.tsx:30:22
[MAP CLIENT] message received — openMissionId: null elapsed: 18.331 isAction: false MapWindowClient.tsx:30:22
[MAP CLIENT] message received — openMissionId: null elapsed: 18.431 isAction: false MapWindowClient.tsx:30:22
[MAP CLIENT] message received — openMissionId: null elapsed: 18.537 isAction: false MapWindowClient.tsx:30:22
[MAP CLIENT] message received — openMissionId: null elapsed: 18.637 isAction: false MapWindowClient.tsx:30:22
[MAP CLIENT] message received — openMissionId: null elapsed: 18.743 isAction: false MapWindowClient.tsx:30:22
[MAP CLIENT] message received — openMissionId: null elapsed: 18.843 isAction: false MapWindowClient.tsx:30:22
[MAP CLIENT] message received — openMissionId: null elapsed: 18.943 isAction: false MapWindowClient.tsx:30:22
[MAP CLIENT] message received — openMissionId: null elapsed: 19.049 isAction: false MapWindowClient.tsx:30:22
[MAP CLIENT] message received — openMissionId: null elapsed: 19.149 isAction: false MapWindowClient.tsx:30:22
[MAP CLIENT] message received — openMissionId: null elapsed: 19.254 isAction: false MapWindowClient.tsx:30:22
[MAP CLIENT] message received — openMissionId: null elapsed: 19.36 isAction: false MapWindowClient.tsx:30:22
[MAP CLIENT] message received — openMissionId: null elapsed: 19.46 isAction: false MapWindowClient.tsx:30:22
[MAP CLIENT] message received — openMissionId: null elapsed: 19.567 isAction: false MapWindowClient.tsx:30:22
[MAP CLIENT] message received — openMissionId: null elapsed: 19.672 isAction: false MapWindowClient.tsx:30:22
[MAP CLIENT] message received — openMissionId: null elapsed: 19.778 isAction: false MapWindowClient.tsx:30:22
[MAP CLIENT] message received — openMissionId: null elapsed: 19.878 isAction: false MapWindowClient.tsx:30:22
[MAP CLIENT] message received — openMissionId: null elapsed: 19.978 isAction: false MapWindowClient.tsx:30:22
[MAP CLIENT] message received — openMissionId: null elapsed: 20.084 isAction: false MapWindowClient.tsx:30:22
[MAP CLIENT] message received — openMissionId: null elapsed: 20.184 isAction: false MapWindowClient.tsx:30:22
[MAP CLIENT] message received — openMissionId: null elapsed: 20.29 isAction: false MapWindowClient.tsx:30:22
[MAP CLIENT] message received — openMissionId: null elapsed: 20.395 isAction: false MapWindowClient.tsx:30:22
[MAP CLIENT] message received — openMissionId: null elapsed: 20.496 isAction: false MapWindowClient.tsx:30:22
[MAP CLIENT] message received — openMissionId: null elapsed: 20.601 isAction: false MapWindowClient.tsx:30:22
[MAP CLIENT] message received — openMissionId: null elapsed: 20.702 isAction: false MapWindowClient.tsx:30:22
[MAP CLIENT] message received — openMissionId: null elapsed: 20.807 isAction: false MapWindowClient.tsx:30:22
[MAP CLIENT] message received — openMissionId: null elapsed: 20.907 isAction: false MapWindowClient.tsx:30:22
[MAP CLIENT] message received — openMissionId: null elapsed: 21.008 isAction: false MapWindowClient.tsx:30:22
[MAP CLIENT] message received — openMissionId: null elapsed: 21.113 isAction: false MapWindowClient.tsx:30:22
[MAP CLIENT] message received — openMissionId: null elapsed: 21.213 isAction: false MapWindowClient.tsx:30:22
[MAP CLIENT] message received — openMissionId: null elapsed: 21.319 isAction: false MapWindowClient.tsx:30:22
[MAP CLIENT] message received — openMissionId: null elapsed: 21.419 isAction: false MapWindowClient.tsx:30:22
[MAP CLIENT] message received — openMissionId: null elapsed: 21.525 isAction: false MapWindowClient.tsx:30:22
[MAP CLIENT] message received — openMissionId: null elapsed: 21.625 isAction: false MapWindowClient.tsx:30:22
[MAP CLIENT] message received — openMissionId: null elapsed: 21.725 isAction: false MapWindowClient.tsx:30:22
[MAP CLIENT] message received — openMissionId: null elapsed: 21.831 isAction: false MapWindowClient.tsx:30:22
[MAP CLIENT] message received — openMissionId: null elapsed: 21.931 isAction: false MapWindowClient.tsx:30:22
[MAP CLIENT] message received — openMissionId: null elapsed: 22.037 isAction: false MapWindowClient.tsx:30:22
[MAP CLIENT] message received — openMissionId: null elapsed: 22.137 isAction: false MapWindowClient.tsx:30:22
[MAP CLIENT] message received — openMissionId: null elapsed: 22.243 isAction: false MapWindowClient.tsx:30:22
[MAP CLIENT] message received — openMissionId: null elapsed: 22.343 isAction: false MapWindowClient.tsx:30:22
[MAP CLIENT] message received — openMissionId: null elapsed: 22.443 isAction: false MapWindowClient.tsx:30:22
[MAP CLIENT] message received — openMissionId: null elapsed: 22.549 isAction: false MapWindowClient.tsx:30:22
[MAP CLIENT] message received — openMissionId: null elapsed: 22.649 isAction: false MapWindowClient.tsx:30:22
[MAP CLIENT] message received — openMissionId: null elapsed: 22.754 isAction: false MapWindowClient.tsx:30:22
[MAP CLIENT] message received — openMissionId: null elapsed: 22.86 isAction: false MapWindowClient.tsx:30:22
[MAP CLIENT] message received — openMissionId: null elapsed: 22.96 isAction: false MapWindowClient.tsx:30:22
[MAP CLIENT] message received — openMissionId: null elapsed: 23.067 isAction: false MapWindowClient.tsx:30:22
[MAP CLIENT] message received — openMissionId: null elapsed: 23.172 isAction: false MapWindowClient.tsx:30:22
[MAP CLIENT] message received — openMissionId: null elapsed: 23.278 isAction: false MapWindowClient.tsx:30:22
[MAP CLIENT] message received — openMissionId: null elapsed: 23.378 isAction: false MapWindowClient.tsx:30:22
[MAP CLIENT] message received — openMissionId: null elapsed: 23.478 isAction: false MapWindowClient.tsx:30:22
[MAP CLIENT] message received — openMissionId: null elapsed: 23.584 isAction: false MapWindowClient.tsx:30:22
[MAP CLIENT] message received — openMissionId: null elapsed: 23.684 isAction: false MapWindowClient.tsx:30:22
[MAP CLIENT] message received — openMissionId: null elapsed: 23.79 isAction: false MapWindowClient.tsx:30:22
[MAP CLIENT] message received — openMissionId: null elapsed: 23.896 isAction: false MapWindowClient.tsx:30:22
[MAP CLIENT] message received — openMissionId: null elapsed: 24.002 isAction: false MapWindowClient.tsx:30:22
[MAP CLIENT] message received — openMissionId: null elapsed: 24.102 isAction: false MapWindowClient.tsx:30:22
[MAP CLIENT] message received — openMissionId: null elapsed: 24.202 isAction: false MapWindowClient.tsx:30:22
[MAP CLIENT] message received — openMissionId: null elapsed: 24.307 isAction: false MapWindowClient.tsx:30:22
[MAP CLIENT] message received — openMissionId: null elapsed: 24.407 isAction: false MapWindowClient.tsx:30:22
[MAP CLIENT] message received — openMissionId: null elapsed: 24.507 isAction: false MapWindowClient.tsx:30:22
[MAP CLIENT] message received — openMissionId: null elapsed: 24.613 isAction: false MapWindowClient.tsx:30:22
[MAP CLIENT] message received — openMissionId: null elapsed: 24.714 isAction: false MapWindowClient.tsx:30:22
[MAP CLIENT] message received — openMissionId: null elapsed: 24.82 isAction: false MapWindowClient.tsx:30:22
[MAP CLIENT] message received — openMissionId: null elapsed: 24.925 isAction: false MapWindowClient.tsx:30:22
[MAP CLIENT] message received — openMissionId: null elapsed: 25.031 isAction: false MapWindowClient.tsx:30:22
[MAP CLIENT] message received — openMissionId: null elapsed: 25.131 isAction: false MapWindowClient.tsx:30:22
[MAP CLIENT] message received — openMissionId: null elapsed: 25.231 isAction: false MapWindowClient.tsx:30:22
[MAP CLIENT] message received — openMissionId: null elapsed: 25.336 isAction: false MapWindowClient.tsx:30:22
[MAP CLIENT] message received — openMissionId: null elapsed: 25.437 isAction: false MapWindowClient.tsx:30:22
[MAP CLIENT] message received — openMissionId: null elapsed: 25.542 isAction: false MapWindowClient.tsx:30:22
[MAP CLIENT] message received — openMissionId: null elapsed: 25.643 isAction: false MapWindowClient.tsx:30:22
[MAP CLIENT] message received — openMissionId: null elapsed: 25.748 isAction: false MapWindowClient.tsx:30:22
[MAP CLIENT] message received — openMissionId: null elapsed: 25.854 isAction: false MapWindowClient.tsx:30:22
[MAP CLIENT] message received — openMissionId: null elapsed: 25.954 isAction: false MapWindowClient.tsx:30:22
[MAP CLIENT] message received — openMissionId: undefined elapsed: undefined isAction: true MapWindowClient.tsx:30:22
[MAP CLIENT] message received — openMissionId: null elapsed: 26.06 isAction: false MapWindowClient.tsx:30:22
[MAP CLIENT] message received — openMissionId: null elapsed: 26.161 isAction: false MapWindowClient.tsx:30:22
[MAP CLIENT] message received — openMissionId: null elapsed: 26.266 isAction: false MapWindowClient.tsx:30:22
[MAP CLIENT] message received — openMissionId: null elapsed: 26.367 isAction: false MapWindowClient.tsx:30:22
[MAP CLIENT] message received — openMissionId: null elapsed: 26.472 isAction: false MapWindowClient.tsx:30:22
[MAP CLIENT] message received — openMissionId: null elapsed: 26.578 isAction: false MapWindowClient.tsx:30:22
[MAP CLIENT] message received — openMissionId: null elapsed: 26.684 isAction: false MapWindowClient.tsx:30:22
[MAP CLIENT] message received — openMissionId: null elapsed: 26.789 isAction: false MapWindowClient.tsx:30:22
[MAP CLIENT] message received — openMissionId: null elapsed: 26.89 isAction: false MapWindowClient.tsx:30:22
[MAP CLIENT] message received — openMissionId: null elapsed: 26.996 isAction: false MapWindowClient.tsx:30:22
[MAP CLIENT] message received — openMissionId: null elapsed: 27.096 isAction: false MapWindowClient.tsx:30:22
[MAP CLIENT] message received — openMissionId: null elapsed: 27.196 isAction: false MapWindowClient.tsx:30:22
[MAP CLIENT] message received — openMissionId: null elapsed: 27.302 isAction: false MapWindowClient.tsx:30:22
[MAP CLIENT] message received — openMissionId: null elapsed: 27.407 isAction: false MapWindowClient.tsx:30:22
[MAP CLIENT] message received — openMissionId: null elapsed: 27.508 isAction: false MapWindowClient.tsx:30:22
[MAP CLIENT] message received — openMissionId: null elapsed: 27.608 isAction: false MapWindowClient.tsx:30:22
[MAP CLIENT] message received — openMissionId: null elapsed: 27.713 isAction: false MapWindowClient.tsx:30:22
[MAP CLIENT] message received — openMissionId: null elapsed: 27.819 isAction: false MapWindowClient.tsx:30:22
[MAP CLIENT] message received — openMissionId: null elapsed: 27.919 isAction: false MapWindowClient.tsx:30:22
[MAP CLIENT] message received — openMissionId: null elapsed: 28.02 isAction: false MapWindowClient.tsx:30:22
[MAP CLIENT] message received — openMissionId: null elapsed: 28.125 isAction: false MapWindowClient.tsx:30:22
[MAP CLIENT] message received — openMissionId: null elapsed: 28.226 isAction: false MapWindowClient.tsx:30:22
[MAP CLIENT] message received — openMissionId: null elapsed: 28.331 isAction: false MapWindowClient.tsx:30:22
[MAP CLIENT] message received — openMissionId: null elapsed: 28.432 isAction: false MapWindowClient.tsx:30:22
[MAP CLIENT] message received — openMissionId: null elapsed: 28.536 isAction: false MapWindowClient.tsx:30:22
[MAP CLIENT] message received — openMissionId: null elapsed: 28.637 isAction: false MapWindowClient.tsx:30:22
[MAP CLIENT] message received — openMissionId: null elapsed: 28.743 isAction: false MapWindowClient.tsx:30:22
[MAP CLIENT] message received — openMissionId: null elapsed: 28.848 isAction: false MapWindowClient.tsx:30:22
[MAP CLIENT] message received — openMissionId: null elapsed: 28.95 isAction: false MapWindowClient.tsx:30:22
[MAP CLIENT] message received — openMissionId: null elapsed: 29.055 isAction: false MapWindowClient.tsx:30:22
[MAP CLIENT] message received — openMissionId: null elapsed: 29.155 isAction: false MapWindowClient.tsx:30:22
[MAP CLIENT] message received — openMissionId: null elapsed: 29.26 isAction: false MapWindowClient.tsx:30:22
[MAP CLIENT] message received — openMissionId: null elapsed: 29.366 isAction: false MapWindowClient.tsx:30:22
[MAP CLIENT] message received — openMissionId: null elapsed: 29.467 isAction: false MapWindowClient.tsx:30:22
[MAP CLIENT] message received — openMissionId: null elapsed: 29.572 isAction: false MapWindowClient.tsx:30:22
[MAP CLIENT] message received — openMissionId: null elapsed: 29.672 isAction: false MapWindowClient.tsx:30:22
[MAP CLIENT] message received — openMissionId: null elapsed: 29.778 isAction: false MapWindowClient.tsx:30:22
[MAP CLIENT] message received — openMissionId: null elapsed: 29.878 isAction: false MapWindowClient.tsx:30:22
[MAP CLIENT] message received — openMissionId: null elapsed: 29.978 isAction: false MapWindowClient.tsx:30:22
[MAP CLIENT] message received — openMissionId: null elapsed: 30.084 isAction: false MapWindowClient.tsx:30:22
[MAP CLIENT] message received — openMissionId: null elapsed: 30.184 isAction: false MapWindowClient.tsx:30:22
[MAP CLIENT] message received — openMissionId: null elapsed: 30.289 isAction: false MapWindowClient.tsx:30:22
[MAP CLIENT] message received — openMissionId: null elapsed: 30.396 isAction: false MapWindowClient.tsx:30:22
[MAP CLIENT] message received — openMissionId: null elapsed: 30.502 isAction: false MapWindowClient.tsx:30:22
[MAP CLIENT] message received — openMissionId: null elapsed: 30.607 isAction: false MapWindowClient.tsx:30:22
[MAP CLIENT] message received — openMissionId: null elapsed: 30.707 isAction: false MapWindowClient.tsx:30:22
[MAP CLIENT] message received — openMissionId: null elapsed: 30.813 isAction: false MapWindowClient.tsx:30:22
[MAP CLIENT] message received — openMissionId: null elapsed: 30.914 isAction: false MapWindowClient.tsx:30:22
[MAP CLIENT] message received — openMissionId: null elapsed: 31.019 isAction: false MapWindowClient.tsx:30:22
[MAP CLIENT] message received — openMissionId: null elapsed: 31.12 isAction: false MapWindowClient.tsx:30:22
[MAP CLIENT] message received — openMissionId: null elapsed: 31.225 isAction: false MapWindowClient.tsx:30:22
[MAP CLIENT] message received — openMissionId: null elapsed: 31.331 isAction: false MapWindowClient.tsx:30:22
[MAP CLIENT] message received — openMissionId: null elapsed: 31.431 isAction: false MapWindowClient.tsx:30:22
[MAP CLIENT] message received — openMissionId: null elapsed: 31.537 isAction: false MapWindowClient.tsx:30:22
[MAP CLIENT] message received — openMissionId: null elapsed: 31.637 isAction: false MapWindowClient.tsx:30:22
[MAP CLIENT] message received — openMissionId: null elapsed: 31.743 isAction: false MapWindowClient.tsx:30:22
[MAP CLIENT] message received — openMissionId: null elapsed: 31.848 isAction: false MapWindowClient.tsx:30:22
[MAP CLIENT] message received — openMissionId: null elapsed: 31.949 isAction: false MapWindowClient.tsx:30:22
[MAP CLIENT] message received — openMissionId: null elapsed: 32.054 isAction: false MapWindowClient.tsx:30:22
[MAP CLIENT] message received — openMissionId: null elapsed: 32.154 isAction: false MapWindowClient.tsx:30:22
[MAP CLIENT] message received — openMissionId: null elapsed: 32.26 isAction: false MapWindowClient.tsx:30:22
[MAP CLIENT] message received — openMissionId: null elapsed: 32.361 isAction: false MapWindowClient.tsx:30:22
[MAP CLIENT] message received — openMissionId: null elapsed: 32.461 isAction: false MapWindowClient.tsx:30:22
[MAP CLIENT] message received — openMissionId: null elapsed: 32.561 isAction: false MapWindowClient.tsx:30:22
[MAP CLIENT] message received — openMissionId: null elapsed: 32.666 isAction: false MapWindowClient.tsx:30:22
[MAP CLIENT] message received — openMissionId: null elapsed: 32.766 isAction: false MapWindowClient.tsx:30:22
[MAP CLIENT] message received — openMissionId: null elapsed: 32.866 isAction: false MapWindowClient.tsx:30:22
[MAP CLIENT] message received — openMissionId: null elapsed: 32.966 isAction: false MapWindowClient.tsx:30:22
[MAP CLIENT] message received — openMissionId: null elapsed: 33.066 isAction: false MapWindowClient.tsx:30:22
[MAP CLIENT] message received — openMissionId: null elapsed: 33.172 isAction: false MapWindowClient.tsx:30:22
[MAP CLIENT] message received — openMissionId: null elapsed: 33.273 isAction: false MapWindowClient.tsx:30:22
[MAP CLIENT] message received — openMissionId: null elapsed: 33.378 isAction: false MapWindowClient.tsx:30:22
[MAP CLIENT] message received — openMissionId: null elapsed: 33.478 isAction: false MapWindowClient.tsx:30:22
[MAP CLIENT] message received — openMissionId: null elapsed: 33.579 isAction: false MapWindowClient.tsx:30:22
[MAP CLIENT] message received — openMissionId: null elapsed: 33.684 isAction: false MapWindowClient.tsx:30:22
[MAP CLIENT] message received — openMissionId: null elapsed: 33.784 isAction: false MapWindowClient.tsx:30:22
[MAP CLIENT] message received — openMissionId: null elapsed: 33.884 isAction: false MapWindowClient.tsx:30:22
[MAP CLIENT] message received — openMissionId: null elapsed: 33.985 isAction: false MapWindowClient.tsx:30:22
[MAP CLIENT] message received — openMissionId: null elapsed: 34.09 isAction: false MapWindowClient.tsx:30:22
[MAP CLIENT] message received — openMissionId: null elapsed: 34.196 isAction: false MapWindowClient.tsx:30:22
[MAP CLIENT] message received — openMissionId: null elapsed: 34.296 isAction: false MapWindowClient.tsx:30:22
[MAP CLIENT] message received — openMissionId: null elapsed: 34.401 isAction: false MapWindowClient.tsx:30:22
[MAP CLIENT] message received — openMissionId: null elapsed: 34.503 isAction: false MapWindowClient.tsx:30:22
[MAP CLIENT] message received — openMissionId: null elapsed: 34.608 isAction: false MapWindowClient.tsx:30:22
[MAP CLIENT] message received — openMissionId: null elapsed: 34.708 isAction: false MapWindowClient.tsx:30:22
[MAP CLIENT] message received — openMissionId: null elapsed: 34.808 isAction: false MapWindowClient.tsx:30:22
[MAP CLIENT] message received — openMissionId: null elapsed: 34.914 isAction: false MapWindowClient.tsx:30:22
[MAP CLIENT] message received — openMissionId: null elapsed: 35.019 isAction: false MapWindowClient.tsx:30:22
[MAP CLIENT] message received — openMissionId: null elapsed: 35.119 isAction: false MapWindowClient.tsx:30:22
[MAP CLIENT] message received — openMissionId: null elapsed: 35.219 isAction: false MapWindowClient.tsx:30:22
[MAP CLIENT] message received — openMissionId: null elapsed: 35.319 isAction: false MapWindowClient.tsx:30:22
[MAP CLIENT] message received — openMissionId: null elapsed: 35.425 isAction: false MapWindowClient.tsx:30:22
[MAP CLIENT] message received — openMissionId: null elapsed: 35.525 isAction: false MapWindowClient.tsx:30:22
[MAP CLIENT] message received — openMissionId: null elapsed: 35.625 isAction: false MapWindowClient.tsx:30:22
[MAP CLIENT] message received — openMissionId: null elapsed: 35.725 isAction: false MapWindowClient.tsx:30:22
[MAP CLIENT] message received — openMissionId: null elapsed: 35.825 isAction: false MapWindowClient.tsx:30:22
[MAP CLIENT] message received — openMissionId: null elapsed: 35.932 isAction: false MapWindowClient.tsx:30:22
[MAP CLIENT] message received — openMissionId: null elapsed: 36.037 isAction: false MapWindowClient.tsx:30:22
[MAP CLIENT] message received — openMissionId: null elapsed: 36.137 isAction: false MapWindowClient.tsx:30:22
[MAP CLIENT] message received — openMissionId: null elapsed: 36.237 isAction: false MapWindowClient.tsx:30:22
[MAP CLIENT] message received — openMissionId: null elapsed: 36.342 isAction: false MapWindowClient.tsx:30:22
[MAP CLIENT] message received — openMissionId: null elapsed: 36.443 isAction: false MapWindowClient.tsx:30:22
[MAP CLIENT] message received — openMissionId: null elapsed: 36.543 isAction: false MapWindowClient.tsx:30:22
[MAP CLIENT] message received — openMissionId: null elapsed: 36.643 isAction: false MapWindowClient.tsx:30:22
[MAP CLIENT] message received — openMissionId: null elapsed: 36.743 isAction: false MapWindowClient.tsx:30:22
[MAP CLIENT] message received — openMissionId: null elapsed: 36.843 isAction: false MapWindowClient.tsx:30:22
[MAP CLIENT] message received — openMissionId: null elapsed: 36.948 isAction: false MapWindowClient.tsx:30:22
[MAP CLIENT] message received — openMissionId: null elapsed: 37.049 isAction: false MapWindowClient.tsx:30:22
[MAP CLIENT] message received — openMissionId: null elapsed: 37.149 isAction: false MapWindowClient.tsx:30:22
[MAP CLIENT] message received — openMissionId: null elapsed: 37.249 isAction: false MapWindowClient.tsx:30:22
[MAP CLIENT] message received — openMissionId: null elapsed: 37.355 isAction: false MapWindowClient.tsx:30:22
[MAP CLIENT] message received — openMissionId: null elapsed: 37.46 isAction: false MapWindowClient.tsx:30:22
[MAP CLIENT] message received — openMissionId: null elapsed: 37.56 isAction: false MapWindowClient.tsx:30:22
[MAP CLIENT] message received — openMissionId: null elapsed: 37.661 isAction: false MapWindowClient.tsx:30:22
[MAP CLIENT] message received — openMissionId: null elapsed: 37.761 isAction: false MapWindowClient.tsx:30:22
[MAP CLIENT] message received — openMissionId: null elapsed: 37.867 isAction: false MapWindowClient.tsx:30:22
[MAP CLIENT] message received — openMissionId: null elapsed: 37.972 isAction: false MapWindowClient.tsx:30:22
[MAP CLIENT] message received — openMissionId: null elapsed: 38.072 isAction: false MapWindowClient.tsx:30:22
[MAP CLIENT] message received — openMissionId: null elapsed: 38.178 isAction: false MapWindowClient.tsx:30:22
[MAP CLIENT] message received — openMissionId: null elapsed: 38.278 isAction: false MapWindowClient.tsx:30:22
[MAP CLIENT] message received — openMissionId: null elapsed: 38.378 isAction: false MapWindowClient.tsx:30:22
[MAP CLIENT] message received — openMissionId: null elapsed: 38.478 isAction: false MapWindowClient.tsx:30:22
[MAP CLIENT] message received — openMissionId: null elapsed: 38.578 isAction: false MapWindowClient.tsx:30:22
[MAP CLIENT] message received — openMissionId: null elapsed: 38.683 isAction: false MapWindowClient.tsx:30:22
[MAP CLIENT] message received — openMissionId: null elapsed: 38.784 isAction: false MapWindowClient.tsx:30:22
[MAP CLIENT] message received — openMissionId: null elapsed: 38.884 isAction: false MapWindowClient.tsx:30:22
[MAP CLIENT] message received — openMissionId: null elapsed: 38.984 isAction: false MapWindowClient.tsx:30:22
[MAP CLIENT] message received — openMissionId: null elapsed: 39.09 isAction: false MapWindowClient.tsx:30:22
[MAP CLIENT] message received — openMissionId: null elapsed: 39.195 isAction: false MapWindowClient.tsx:30:22
[MAP CLIENT] message received — openMissionId: null elapsed: 39.296 isAction: false MapWindowClient.tsx:30:22
[MAP CLIENT] message received — openMissionId: null elapsed: 39.396 isAction: false MapWindowClient.tsx:30:22
[MAP CLIENT] message received — openMissionId: null elapsed: 39.496 isAction: false MapWindowClient.tsx:30:22
[MAP CLIENT] message received — openMissionId: null elapsed: 39.602 isAction: false MapWindowClient.tsx:30:22
[MAP CLIENT] message received — openMissionId: null elapsed: 39.702 isAction: false MapWindowClient.tsx:30:22
[MAP CLIENT] message received — openMissionId: null elapsed: 39.807 isAction: false MapWindowClient.tsx:30:22
[MAP CLIENT] message received — openMissionId: null elapsed: 39.913 isAction: false MapWindowClient.tsx:30:22
[MAP CLIENT] message received — openMissionId: null elapsed: 40.013 isAction: false MapWindowClient.tsx:30:22
[MAP CLIENT] message received — openMissionId: null elapsed: 40.113 isAction: false MapWindowClient.tsx:30:22
[MAP CLIENT] message received — openMissionId: null elapsed: 40.214 isAction: false MapWindowClient.tsx:30:22
[MAP CLIENT] message received — openMissionId: null elapsed: 40.319 isAction: false MapWindowClient.tsx:30:22
[MAP CLIENT] message received — openMissionId: null elapsed: 40.425 isAction: false MapWindowClient.tsx:30:22
[MAP CLIENT] message received — openMissionId: null elapsed: 40.525 isAction: false MapWindowClient.tsx:30:22
[MAP CLIENT] message received — openMissionId: null elapsed: 40.625 isAction: false MapWindowClient.tsx:30:22
[MAP CLIENT] message received — openMissionId: null elapsed: 40.725 isAction: false MapWindowClient.tsx:30:22
[MAP CLIENT] message received — openMissionId: null elapsed: 40.825 isAction: false MapWindowClient.tsx:30:22
[MAP CLIENT] message received — openMissionId: null elapsed: 40.93 isAction: false MapWindowClient.tsx:30:22
[MAP CLIENT] message received — openMissionId: null elapsed: 41.031 isAction: false MapWindowClient.tsx:30:22
[MAP CLIENT] message received — openMissionId: null elapsed: 41.131 isAction: false MapWindowClient.tsx:30:22
[MAP CLIENT] message received — openMissionId: null elapsed: 41.231 isAction: false MapWindowClient.tsx:30:22
[MAP CLIENT] message received — openMissionId: null elapsed: 41.331 isAction: false MapWindowClient.tsx:30:22
[MAP CLIENT] message received — openMissionId: null elapsed: 41.437 isAction: false MapWindowClient.tsx:30:22
[MAP CLIENT] message received — openMissionId: null elapsed: 41.537 isAction: false MapWindowClient.tsx:30:22
[MAP CLIENT] message received — openMissionId: null elapsed: 41.642 isAction: false MapWindowClient.tsx:30:22
[MAP CLIENT] message received — openMissionId: null elapsed: 41.743 isAction: false MapWindowClient.tsx:30:22
[MAP CLIENT] message received — openMissionId: null elapsed: 41.843 isAction: false MapWindowClient.tsx:30:22
[MAP CLIENT] message received — openMissionId: null elapsed: 41.948 isAction: false MapWindowClient.tsx:30:22
[MAP CLIENT] message received — openMissionId: null elapsed: 42.048 isAction: false MapWindowClient.tsx:30:22
[MAP CLIENT] message received — openMissionId: null elapsed: 42.148 isAction: false MapWindowClient.tsx:30:22
[MAP CLIENT] message received — openMissionId: null elapsed: 42.254 isAction: false MapWindowClient.tsx:30:22
[MAP CLIENT] message received — openMissionId: null elapsed: 42.355 isAction: false MapWindowClient.tsx:30:22
[MAP CLIENT] message received — openMissionId: null elapsed: 42.455 isAction: false MapWindowClient.tsx:30:22
[MAP CLIENT] message received — openMissionId: null elapsed: 42.561 isAction: false MapWindowClient.tsx:30:22
[MAP CLIENT] message received — openMissionId: null elapsed: 42.666 isAction: false MapWindowClient.tsx:30:22
[MAP CLIENT] message received — openMissionId: null elapsed: 42.766 isAction: false MapWindowClient.tsx:30:22
[MAP CLIENT] message received — openMissionId: null elapsed: 42.866 isAction: false MapWindowClient.tsx:30:22
[MAP CLIENT] message received — openMissionId: null elapsed: 42.967 isAction: false MapWindowClient.tsx:30:22
[MAP CLIENT] message received — openMissionId: null elapsed: 43.072 isAction: false MapWindowClient.tsx:30:22
[MAP CLIENT] message received — openMissionId: null elapsed: 43.178 isAction: false MapWindowClient.tsx:30:22
[MAP CLIENT] message received — openMissionId: null elapsed: 43.284 isAction: false MapWindowClient.tsx:30:22
[MAP CLIENT] message received — openMissionId: null elapsed: 43.389 isAction: false MapWindowClient.tsx:30:22
[MAP CLIENT] message received — openMissionId: null elapsed: 43.49 isAction: false MapWindowClient.tsx:30:22
[MAP CLIENT] message received — openMissionId: null elapsed: 43.595 isAction: false MapWindowClient.tsx:30:22
[MAP CLIENT] message received — openMissionId: null elapsed: 43.695 isAction: false MapWindowClient.tsx:30:22
[MAP CLIENT] message received — openMissionId: null elapsed: 43.795 isAction: false MapWindowClient.tsx:30:22
[MAP CLIENT] message received — openMissionId: null elapsed: 43.896 isAction: false MapWindowClient.tsx:30:22
[MAP CLIENT] message received — openMissionId: null elapsed: 44.002 isAction: false MapWindowClient.tsx:30:22
[MAP CLIENT] message received — openMissionId: null elapsed: 44.107 isAction: false MapWindowClient.tsx:30:22
[MAP CLIENT] message received — openMissionId: null elapsed: 44.207 isAction: false MapWindowClient.tsx:30:22
[MAP CLIENT] message received — openMissionId: null elapsed: 44.307 isAction: false MapWindowClient.tsx:30:22
[MAP CLIENT] message received — openMissionId: null elapsed: 44.413 isAction: false MapWindowClient.tsx:30:22
[MAP CLIENT] message received — openMissionId: null elapsed: 44.514 isAction: false MapWindowClient.tsx:30:22
[MAP CLIENT] message received — openMissionId: null elapsed: 44.619 isAction: false MapWindowClient.tsx:30:22
[MAP CLIENT] message received — openMissionId: null elapsed: 44.719 isAction: false MapWindowClient.tsx:30:22
[MAP CLIENT] message received — openMissionId: null elapsed: 44.819 isAction: false MapWindowClient.tsx:30:22
[MAP CLIENT] message received — openMissionId: null elapsed: 44.925 isAction: false MapWindowClient.tsx:30:22
[MAP CLIENT] message received — openMissionId: null elapsed: 45.025 isAction: false MapWindowClient.tsx:30:22
[MAP CLIENT] message received — openMissionId: null elapsed: 45.131 isAction: false MapWindowClient.tsx:30:22
[MAP CLIENT] message received — openMissionId: null elapsed: 45.232 isAction: false MapWindowClient.tsx:30:22
[MAP CLIENT] message received — openMissionId: null elapsed: 45.337 isAction: false MapWindowClient.tsx:30:22
[MAP CLIENT] message received — openMissionId: null elapsed: 45.442 isAction: false MapWindowClient.tsx:30:22
[MAP CLIENT] message received — openMissionId: null elapsed: 45.543 isAction: false MapWindowClient.tsx:30:22
[MAP CLIENT] message received — openMissionId: null elapsed: 45.643 isAction: false MapWindowClient.tsx:30:22
[MAP CLIENT] message received — openMissionId: null elapsed: 45.743 isAction: false MapWindowClient.tsx:30:22
[MAP CLIENT] message received — openMissionId: null elapsed: 45.843 isAction: false MapWindowClient.tsx:30:22
[MAP CLIENT] message received — openMissionId: null elapsed: 45.948 isAction: false MapWindowClient.tsx:30:22
[MAP CLIENT] message received — openMissionId: null elapsed: 46.049 isAction: false MapWindowClient.tsx:30:22
[MAP CLIENT] message received — openMissionId: null elapsed: 46.149 isAction: false MapWindowClient.tsx:30:22
[MAP CLIENT] message received — openMissionId: null elapsed: 46.254 isAction: false MapWindowClient.tsx:30:22
[MAP CLIENT] message received — openMissionId: null elapsed: 46.354 isAction: false MapWindowClient.tsx:30:22
[MAP CLIENT] message received — openMissionId: null elapsed: 46.454 isAction: false MapWindowClient.tsx:30:22
[MAP CLIENT] message received — openMissionId: null elapsed: 46.554 isAction: false MapWindowClient.tsx:30:22
[MAP CLIENT] message received — openMissionId: null elapsed: 46.654 isAction: false MapWindowClient.tsx:30:22
[MAP CLIENT] message received — openMissionId: null elapsed: 46.755 isAction: false MapWindowClient.tsx:30:22
[MAP CLIENT] message received — openMissionId: null elapsed: 46.86 isAction: false MapWindowClient.tsx:30:22
[MAP CLIENT] message received — openMissionId: null elapsed: 46.96 isAction: false MapWindowClient.tsx:30:22
[MAP CLIENT] message received — openMissionId: null elapsed: 47.06 isAction: false MapWindowClient.tsx:30:22
[MAP CLIENT] message received — openMissionId: null elapsed: 47.166 isAction: false MapWindowClient.tsx:30:22
[MAP CLIENT] message received — openMissionId: null elapsed: 47.266 isAction: false MapWindowClient.tsx:30:22
[MAP CLIENT] message received — openMissionId: null elapsed: 47.366 isAction: false MapWindowClient.tsx:30:22
[MAP CLIENT] message received — openMissionId: null elapsed: 47.466 isAction: false MapWindowClient.tsx:30:22
[MAP CLIENT] message received — openMissionId: null elapsed: 47.566 isAction: false MapWindowClient.tsx:30:22
[MAP CLIENT] message received — openMissionId: null elapsed: 47.667 isAction: false MapWindowClient.tsx:30:22
[MAP CLIENT] message received — openMissionId: null elapsed: 47.767 isAction: false MapWindowClient.tsx:30:22
[MAP CLIENT] message received — openMissionId: null elapsed: 47.873 isAction: false MapWindowClient.tsx:30:22
[MAP CLIENT] message received — openMissionId: null elapsed: 47.978 isAction: false MapWindowClient.tsx:30:22
[MAP CLIENT] message received — openMissionId: null elapsed: 48.078 isAction: false MapWindowClient.tsx:30:22
[MAP CLIENT] message received — openMissionId: null elapsed: 48.183 isAction: false MapWindowClient.tsx:30:22
[MAP CLIENT] message received — openMissionId: null elapsed: 48.284 isAction: false MapWindowClient.tsx:30:22
[MAP CLIENT] message received — openMissionId: null elapsed: 48.384 isAction: false MapWindowClient.tsx:30:22
[MAP CLIENT] message received — openMissionId: null elapsed: 48.484 isAction: false MapWindowClient.tsx:30:22
[MAP CLIENT] message received — openMissionId: null elapsed: 48.584 isAction: false MapWindowClient.tsx:30:22
[MAP CLIENT] message received — openMissionId: null elapsed: 48.69 isAction: false MapWindowClient.tsx:30:22
[MAP CLIENT] message received — openMissionId: null elapsed: 48.79 isAction: false MapWindowClient.tsx:30:22
[MAP CLIENT] message received — openMissionId: null elapsed: 48.89 isAction: false MapWindowClient.tsx:30:22
[MAP CLIENT] message received — openMissionId: null elapsed: 48.99 isAction: false MapWindowClient.tsx:30:22
[MAP CLIENT] message received — openMissionId: null elapsed: 49.096 isAction: false MapWindowClient.tsx:30:22
[MAP CLIENT] message received — openMissionId: null elapsed: 49.196 isAction: false MapWindowClient.tsx:30:22
[MAP CLIENT] message received — openMissionId: null elapsed: 49.296 isAction: false MapWindowClient.tsx:30:22
[MAP CLIENT] message received — openMissionId: null elapsed: 49.396 isAction: false MapWindowClient.tsx:30:22
[MAP CLIENT] message received — openMissionId: null elapsed: 49.496 isAction: false MapWindowClient.tsx:30:22
[MAP CLIENT] message received — openMissionId: null elapsed: 49.601 isAction: false MapWindowClient.tsx:30:22
[MAP CLIENT] message received — openMissionId: null elapsed: 49.701 isAction: false MapWindowClient.tsx:30:22
[MAP CLIENT] message received — openMissionId: null elapsed: 49.801 isAction: false MapWindowClient.tsx:30:22
[MAP CLIENT] message received — openMissionId: null elapsed: 49.901 isAction: false MapWindowClient.tsx:30:22
[MAP CLIENT] message received — openMissionId: null elapsed: 50.002 isAction: false MapWindowClient.tsx:30:22
[MAP CLIENT] message received — openMissionId: null elapsed: 50.108 isAction: false MapWindowClient.tsx:30:22
[MAP CLIENT] message received — openMissionId: null elapsed: 50.213 isAction: false MapWindowClient.tsx:30:22
[MAP CLIENT] message received — openMissionId: null elapsed: 50.314 isAction: false MapWindowClient.tsx:30:22
[MAP CLIENT] message received — openMissionId: null elapsed: 50.414 isAction: false MapWindowClient.tsx:30:22
[MAP CLIENT] message received — openMissionId: null elapsed: 50.514 isAction: false MapWindowClient.tsx:30:22
[MAP CLIENT] message received — openMissionId: null elapsed: 50.619 isAction: false MapWindowClient.tsx:30:22
[MAP CLIENT] message received — openMissionId: null elapsed: 50.719 isAction: false MapWindowClient.tsx:30:22
[MAP CLIENT] message received — openMissionId: null elapsed: 50.819 isAction: false MapWindowClient.tsx:30:22
[MAP CLIENT] message received — openMissionId: null elapsed: 50.925 isAction: false MapWindowClient.tsx:30:22
[MAP CLIENT] message received — openMissionId: null elapsed: 51.025 isAction: false MapWindowClient.tsx:30:22
[MAP CLIENT] message received — openMissionId: null elapsed: 51.125 isAction: false MapWindowClient.tsx:30:22
[MAP CLIENT] message received — openMissionId: null elapsed: 51.225 isAction: false MapWindowClient.tsx:30:22
[MAP CLIENT] message received — openMissionId: null elapsed: 51.325 isAction: false MapWindowClient.tsx:30:22
[MAP CLIENT] message received — openMissionId: null elapsed: 51.431 isAction: false MapWindowClient.tsx:30:22
[MAP CLIENT] message received — openMissionId: null elapsed: 51.531 isAction: false MapWindowClient.tsx:30:22
[MAP CLIENT] message received — openMissionId: null elapsed: 51.631 isAction: false MapWindowClient.tsx:30:22
[MAP CLIENT] message received — openMissionId: null elapsed: 51.731 isAction: false MapWindowClient.tsx:30:22
[MAP CLIENT] message received — openMissionId: null elapsed: 51.831 isAction: false MapWindowClient.tsx:30:22
[MAP CLIENT] message received — openMissionId: null elapsed: 51.937 isAction: false MapWindowClient.tsx:30:22
[MAP CLIENT] message received — openMissionId: null elapsed: 52.037 isAction: false MapWindowClient.tsx:30:22
[MAP CLIENT] message received — openMissionId: null elapsed: 52.137 isAction: false MapWindowClient.tsx:30:22
[MAP CLIENT] message received — openMissionId: null elapsed: 52.243 isAction: false MapWindowClient.tsx:30:22
[MAP CLIENT] message received — openMissionId: null elapsed: 52.343 isAction: false MapWindowClient.tsx:30:22
[MAP CLIENT] message received — openMissionId: null elapsed: 52.448 isAction: false MapWindowClient.tsx:30:22
[MAP CLIENT] message received — openMissionId: null elapsed: 52.549 isAction: false MapWindowClient.tsx:30:22
[MAP CLIENT] message received — openMissionId: null elapsed: 52.654 isAction: false MapWindowClient.tsx:30:22
[MAP CLIENT] message received — openMissionId: null elapsed: 52.755 isAction: false MapWindowClient.tsx:30:22
[MAP CLIENT] message received — openMissionId: null elapsed: 52.86 isAction: false MapWindowClient.tsx:30:22
[MAP CLIENT] message received — openMissionId: null elapsed: 52.96 isAction: false MapWindowClient.tsx:30:22
[MAP CLIENT] message received — openMissionId: null elapsed: 53.061 isAction: false MapWindowClient.tsx:30:22
[MAP CLIENT] message received — openMissionId: null elapsed: 53.167 isAction: false MapWindowClient.tsx:30:22
[MAP CLIENT] message received — openMissionId: null elapsed: 53.273 isAction: false MapWindowClient.tsx:30:22
[MAP CLIENT] message received — openMissionId: null elapsed: 53.379 isAction: false MapWindowClient.tsx:30:22
[MAP CLIENT] message received — openMissionId: null elapsed: 53.484 isAction: false MapWindowClient.tsx:30:22
[MAP CLIENT] message received — openMissionId: null elapsed: 53.59 isAction: false MapWindowClient.tsx:30:22
[MAP CLIENT] message received — openMissionId: null elapsed: 53.695 isAction: false MapWindowClient.tsx:30:22
[MAP CLIENT] message received — openMissionId: null elapsed: 53.795 isAction: false MapWindowClient.tsx:30:22
[MAP CLIENT] message received — openMissionId: null elapsed: 53.895 isAction: false MapWindowClient.tsx:30:22
[MAP CLIENT] message received — openMissionId: null elapsed: 54.001 isAction: false MapWindowClient.tsx:30:22
[MAP CLIENT] message received — openMissionId: null elapsed: 54.102 isAction: false MapWindowClient.tsx:30:22
[MAP CLIENT] message received — openMissionId: null elapsed: 54.207 isAction: false MapWindowClient.tsx:30:22
[MAP CLIENT] message received — openMissionId: null elapsed: 54.307 isAction: false MapWindowClient.tsx:30:22
[MAP CLIENT] message received — openMissionId: null elapsed: 54.413 isAction: false MapWindowClient.tsx:30:22
[MAP CLIENT] message received — openMissionId: null elapsed: 54.514 isAction: false MapWindowClient.tsx:30:22
[MAP CLIENT] message received — openMissionId: null elapsed: 54.619 isAction: false MapWindowClient.tsx:30:22
[MAP CLIENT] message received — openMissionId: null elapsed: 54.72 isAction: false MapWindowClient.tsx:30:22
[MAP CLIENT] message received — openMissionId: null elapsed: 54.826 isAction: false MapWindowClient.tsx:30:22
[MAP CLIENT] message received — openMissionId: null elapsed: 54.931 isAction: false MapWindowClient.tsx:30:22
[MAP CLIENT] message received — openMissionId: null elapsed: 55.031 isAction: false MapWindowClient.tsx:30:22
[MAP CLIENT] message received — openMissionId: null elapsed: 55.131 isAction: false MapWindowClient.tsx:30:22
[MAP CLIENT] message received — openMissionId: null elapsed: 55.231 isAction: false MapWindowClient.tsx:30:22
[MAP CLIENT] message received — openMissionId: null elapsed: 55.331 isAction: false MapWindowClient.tsx:30:22
[MAP CLIENT] message received — openMissionId: null elapsed: 55.437 isAction: false MapWindowClient.tsx:30:22
[MAP CLIENT] message received — openMissionId: null elapsed: 55.543 isAction: false MapWindowClient.tsx:30:22
[MAP CLIENT] message received — openMissionId: null elapsed: 55.643 isAction: false MapWindowClient.tsx:30:22
[MAP CLIENT] message received — openMissionId: null elapsed: 55.743 isAction: false MapWindowClient.tsx:30:22
[MAP CLIENT] message received — openMissionId: null elapsed: 55.849 isAction: false MapWindowClient.tsx:30:22
[MAP CLIENT] message received — openMissionId: null elapsed: 55.954 isAction: false MapWindowClient.tsx:30:22
[MAP CLIENT] message received — openMissionId: null elapsed: 56.054 isAction: false MapWindowClient.tsx:30:22
[MAP CLIENT] message received — openMissionId: null elapsed: 56.154 isAction: false MapWindowClient.tsx:30:22
[MAP CLIENT] message received — openMissionId: null elapsed: 56.26 isAction: false MapWindowClient.tsx:30:22
[MAP CLIENT] message received — openMissionId: null elapsed: 56.36 isAction: false MapWindowClient.tsx:30:22
[MAP CLIENT] message received — openMissionId: null elapsed: 56.46 isAction: false MapWindowClient.tsx:30:22
[MAP CLIENT] message received — openMissionId: null elapsed: 56.56 isAction: false MapWindowClient.tsx:30:22
[MAP CLIENT] message received — openMissionId: null elapsed: 56.666 isAction: false MapWindowClient.tsx:30:22
[MAP CLIENT] message received — openMissionId: null elapsed: 56.766 isAction: false MapWindowClient.tsx:30:22
[MAP CLIENT] message received — openMissionId: null elapsed: 56.866 isAction: false MapWindowClient.tsx:30:22
[MAP CLIENT] message received — openMissionId: null elapsed: 56.966 isAction: false MapWindowClient.tsx:30:22
[MAP CLIENT] message received — openMissionId: null elapsed: 57.066 isAction: false MapWindowClient.tsx:30:22
[MAP CLIENT] message received — openMissionId: null elapsed: 57.171 isAction: false MapWindowClient.tsx:30:22
[MAP CLIENT] message received — openMissionId: null elapsed: 57.272 isAction: false MapWindowClient.tsx:30:22
[MAP CLIENT] message received — openMissionId: null elapsed: 57.372 isAction: false MapWindowClient.tsx:30:22
[MAP CLIENT] message received — openMissionId: null elapsed: 57.472 isAction: false MapWindowClient.tsx:30:22
[MAP CLIENT] message received — openMissionId: null elapsed: 57.572 isAction: false MapWindowClient.tsx:30:22
[MAP CLIENT] message received — openMissionId: null elapsed: 57.678 isAction: false MapWindowClient.tsx:30:22
[MAP CLIENT] message received — openMissionId: null elapsed: 57.778 isAction: false MapWindowClient.tsx:30:22
[MAP CLIENT] message received — openMissionId: null elapsed: 57.878 isAction: false MapWindowClient.tsx:30:22
[MAP CLIENT] message received — openMissionId: null elapsed: 57.978 isAction: false MapWindowClient.tsx:30:22
[MAP CLIENT] message received — openMissionId: null elapsed: 58.083 isAction: false MapWindowClient.tsx:30:22
[MAP CLIENT] message received — openMissionId: null elapsed: 58.184 isAction: false MapWindowClient.tsx:30:22
[MAP CLIENT] message received — openMissionId: null elapsed: 58.29 isAction: false MapWindowClient.tsx:30:22
[MAP CLIENT] message received — openMissionId: null elapsed: 58.39 isAction: false MapWindowClient.tsx:30:22
[MAP CLIENT] message received — openMissionId: null elapsed: 58.49 isAction: false MapWindowClient.tsx:30:22
[MAP CLIENT] message received — openMissionId: null elapsed: 58.595 isAction: false MapWindowClient.tsx:30:22
[MAP CLIENT] message received — openMissionId: null elapsed: 58.696 isAction: false MapWindowClient.tsx:30:22
[MAP CLIENT] message received — openMissionId: null elapsed: 58.801 isAction: false MapWindowClient.tsx:30:22
[MAP CLIENT] message received — openMissionId: null elapsed: 58.901 isAction: false MapWindowClient.tsx:30:22
[MAP CLIENT] message received — openMissionId: null elapsed: 59.002 isAction: false MapWindowClient.tsx:30:22
[MAP CLIENT] message received — openMissionId: null elapsed: 59.107 isAction: false MapWindowClient.tsx:30:22
[MAP CLIENT] message received — openMissionId: null elapsed: 59.207 isAction: false MapWindowClient.tsx:30:22
[MAP CLIENT] message received — openMissionId: null elapsed: 59.308 isAction: false MapWindowClient.tsx:30:22
[MAP CLIENT] message received — openMissionId: null elapsed: 59.413 isAction: false MapWindowClient.tsx:30:22
[MAP CLIENT] message received — openMissionId: null elapsed: 59.513 isAction: false MapWindowClient.tsx:30:22
[MAP CLIENT] message received — openMissionId: null elapsed: 59.613 isAction: false MapWindowClient.tsx:30:22
[MAP CLIENT] message received — openMissionId: null elapsed: 59.714 isAction: false MapWindowClient.tsx:30:22
[MAP CLIENT] message received — openMissionId: null elapsed: 59.819 isAction: false MapWindowClient.tsx:30:22
[MAP CLIENT] message received — openMissionId: null elapsed: 59.924 isAction: false MapWindowClient.tsx:30:22
[MAP CLIENT] message received — openMissionId: null elapsed: 60.025 isAction: false MapWindowClient.tsx:30:22
[MAP CLIENT] message received — openMissionId: null elapsed: 60.125 isAction: false MapWindowClient.tsx:30:22
[MAP CLIENT] message received — openMissionId: null elapsed: 60.231 isAction: false MapWindowClient.tsx:30:22
[MAP CLIENT] message received — openMissionId: null elapsed: 60.331 isAction: false MapWindowClient.tsx:30:22
[MAP CLIENT] message received — openMissionId: null elapsed: 60.436 isAction: false MapWindowClient.tsx:30:22
[MAP CLIENT] message received — openMissionId: null elapsed: 60.537 isAction: false MapWindowClient.tsx:30:22
[MAP CLIENT] message received — openMissionId: null elapsed: 60.637 isAction: false MapWindowClient.tsx:30:22
[MAP CLIENT] message received — openMissionId: null elapsed: 60.737 isAction: false MapWindowClient.tsx:30:22
[MAP CLIENT] message received — openMissionId: null elapsed: 60.842 isAction: false MapWindowClient.tsx:30:22
[MAP CLIENT] message received — openMissionId: null elapsed: 60.942 isAction: false MapWindowClient.tsx:30:22
[MAP CLIENT] message received — openMissionId: null elapsed: 61.043 isAction: false MapWindowClient.tsx:30:22
[MAP CLIENT] message received — openMissionId: null elapsed: 61.143 isAction: false MapWindowClient.tsx:30:22
[MAP CLIENT] message received — openMissionId: null elapsed: 61.243 isAction: false MapWindowClient.tsx:30:22
[MAP CLIENT] message received — openMissionId: null elapsed: 61.348 isAction: false MapWindowClient.tsx:30:22
[MAP CLIENT] message received — openMissionId: null elapsed: 61.449 isAction: false MapWindowClient.tsx:30:22
[MAP CLIENT] message received — openMissionId: null elapsed: 61.554 isAction: false MapWindowClient.tsx:30:22
[MAP CLIENT] message received — openMissionId: null elapsed: 61.654 isAction: false MapWindowClient.tsx:30:22
[MAP CLIENT] message received — openMissionId: null elapsed: 61.755 isAction: false MapWindowClient.tsx:30:22
[MAP CLIENT] message received — openMissionId: null elapsed: 61.86 isAction: false MapWindowClient.tsx:30:22
[MAP CLIENT] message received — openMissionId: null elapsed: 61.96 isAction: false MapWindowClient.tsx:30:22
[MAP CLIENT] message received — openMissionId: null elapsed: 62.06 isAction: false MapWindowClient.tsx:30:22
[MAP CLIENT] message received — openMissionId: null elapsed: 62.166 isAction: false MapWindowClient.tsx:30:22
[MAP CLIENT] message received — openMissionId: null elapsed: 62.266 isAction: false MapWindowClient.tsx:30:22
[MAP CLIENT] message received — openMissionId: null elapsed: 62.366 isAction: false MapWindowClient.tsx:30:22
[MAP CLIENT] message received — openMissionId: null elapsed: 62.466 isAction: false MapWindowClient.tsx:30:22
[MAP CLIENT] message received — openMissionId: null elapsed: 62.566 isAction: false MapWindowClient.tsx:30:22
[MAP CLIENT] message received — openMissionId: null elapsed: 62.671 isAction: false MapWindowClient.tsx:30:22
[MAP CLIENT] message received — openMissionId: null elapsed: 62.772 isAction: false MapWindowClient.tsx:30:22
[MAP CLIENT] message received — openMissionId: null elapsed: 62.872 isAction: false MapWindowClient.tsx:30:22
[MAP CLIENT] message received — openMissionId: null elapsed: 62.972 isAction: false MapWindowClient.tsx:30:22
[MAP CLIENT] message received — openMissionId: null elapsed: 63.072 isAction: false MapWindowClient.tsx:30:22
[MAP CLIENT] message received — openMissionId: null elapsed: 63.178 isAction: false MapWindowClient.tsx:30:22
[MAP CLIENT] message received — openMissionId: null elapsed: 63.278 isAction: false MapWindowClient.tsx:30:22
[MAP CLIENT] message received — openMissionId: null elapsed: 63.383 isAction: false MapWindowClient.tsx:30:22
[MAP CLIENT] message received — openMissionId: null elapsed: 63.484 isAction: false MapWindowClient.tsx:30:22
[MAP CLIENT] message received — openMissionId: null elapsed: 63.589 isAction: false MapWindowClient.tsx:30:22
[MAP CLIENT] message received — openMissionId: null elapsed: 63.689 isAction: false MapWindowClient.tsx:30:22
[MAP CLIENT] message received — openMissionId: null elapsed: 63.789 isAction: false MapWindowClient.tsx:30:22
[MAP CLIENT] message received — openMissionId: null elapsed: 63.89 isAction: false MapWindowClient.tsx:30:22
[MAP CLIENT] message received — openMissionId: null elapsed: 63.99 isAction: false MapWindowClient.tsx:30:22
[MAP CLIENT] message received — openMissionId: null elapsed: 64.09 isAction: false MapWindowClient.tsx:30:22
[MAP CLIENT] message received — openMissionId: null elapsed: 64.195 isAction: false MapWindowClient.tsx:30:22
[MAP CLIENT] message received — openMissionId: null elapsed: 64.295 isAction: false MapWindowClient.tsx:30:22
[MAP CLIENT] message received — openMissionId: null elapsed: 64.396 isAction: false MapWindowClient.tsx:30:22
[MAP CLIENT] message received — openMissionId: null elapsed: 64.501 isAction: false MapWindowClient.tsx:30:22
[MAP CLIENT] message received — openMissionId: null elapsed: 64.607 isAction: false MapWindowClient.tsx:30:22
[MAP CLIENT] message received — openMissionId: null elapsed: 64.713 isAction: false MapWindowClient.tsx:30:22
[MAP CLIENT] message received — openMissionId: null elapsed: 64.813 isAction: false MapWindowClient.tsx:30:22
[MAP CLIENT] message received — openMissionId: null elapsed: 64.918 isAction: false MapWindowClient.tsx:30:22
[MAP CLIENT] message received — openMissionId: null elapsed: 65.019 isAction: false MapWindowClient.tsx:30:22
[MAP CLIENT] message received — openMissionId: null elapsed: 65.124 isAction: false MapWindowClient.tsx:30:22
[MAP CLIENT] message received — openMissionId: null elapsed: 65.225 isAction: false MapWindowClient.tsx:30:22
[MAP CLIENT] message received — openMissionId: null elapsed: 65.325 isAction: false MapWindowClient.tsx:30:22
[MAP CLIENT] message received — openMissionId: null elapsed: 65.431 isAction: false MapWindowClient.tsx:30:22
[MAP CLIENT] message received — openMissionId: null elapsed: 65.531 isAction: false MapWindowClient.tsx:30:22
[MAP CLIENT] message received — openMissionId: null elapsed: 65.636 isAction: false MapWindowClient.tsx:30:22
[MAP CLIENT] message received — openMissionId: null elapsed: 65.737 isAction: false MapWindowClient.tsx:30:22
[MAP CLIENT] message received — openMissionId: null elapsed: 65.837 isAction: false MapWindowClient.tsx:30:22
[MAP CLIENT] message received — openMissionId: null elapsed: 65.943 isAction: false MapWindowClient.tsx:30:22
[MAP CLIENT] message received — openMissionId: null elapsed: 66.048 isAction: false MapWindowClient.tsx:30:22
[MAP CLIENT] message received — openMissionId: null elapsed: 66.149 isAction: false MapWindowClient.tsx:30:22
[MAP CLIENT] message received — openMissionId: null elapsed: 66.255 isAction: false MapWindowClient.tsx:30:22
[MAP CLIENT] message received — openMissionId: null elapsed: 66.355 isAction: false MapWindowClient.tsx:30:22
[MAP CLIENT] message received — openMissionId: null elapsed: 66.46 isAction: false MapWindowClient.tsx:30:22
[MAP CLIENT] message received — openMissionId: null elapsed: 66.56 isAction: false MapWindowClient.tsx:30:22
[MAP CLIENT] message received — openMissionId: null elapsed: 66.666 isAction: false MapWindowClient.tsx:30:22
[MAP CLIENT] message received — openMissionId: null elapsed: 66.766 isAction: false MapWindowClient.tsx:30:22
[MAP CLIENT] message received — openMissionId: null elapsed: 66.872 isAction: false MapWindowClient.tsx:30:22
[MAP CLIENT] message received — openMissionId: null elapsed: 66.978 isAction: false MapWindowClient.tsx:30:22
[MAP CLIENT] message received — openMissionId: null elapsed: 67.083 isAction: false MapWindowClient.tsx:30:22
[MAP CLIENT] message received — openMissionId: null elapsed: 67.183 isAction: false MapWindowClient.tsx:30:22
[MAP CLIENT] message received — openMissionId: null elapsed: 67.29 isAction: false MapWindowClient.tsx:30:22
[MAP CLIENT] message received — openMissionId: null elapsed: 67.395 isAction: false MapWindowClient.tsx:30:22
[MAP CLIENT] message received — openMissionId: null elapsed: 67.496 isAction: false MapWindowClient.tsx:30:22
[MAP CLIENT] message received — openMissionId: null elapsed: 67.596 isAction: false MapWindowClient.tsx:30:22
[MAP CLIENT] message received — openMissionId: null elapsed: 67.701 isAction: false MapWindowClient.tsx:30:22
[MAP CLIENT] message received — openMissionId: null elapsed: 67.801 isAction: false MapWindowClient.tsx:30:22
[MAP CLIENT] message received — openMissionId: null elapsed: 67.907 isAction: false MapWindowClient.tsx:30:22
[MAP CLIENT] message received — openMissionId: null elapsed: 68.007 isAction: false MapWindowClient.tsx:30:22
[MAP CLIENT] message received — openMissionId: null elapsed: 68.113 isAction: false MapWindowClient.tsx:30:22
[MAP CLIENT] message received — openMissionId: null elapsed: 68.219 isAction: false MapWindowClient.tsx:30:22
[MAP CLIENT] message received — openMissionId: null elapsed: 68.319 isAction: false MapWindowClient.tsx:30:22
[MAP CLIENT] message received — openMissionId: null elapsed: 68.425 isAction: false MapWindowClient.tsx:30:22
[MAP CLIENT] message received — openMissionId: null elapsed: 68.525 isAction: false MapWindowClient.tsx:30:22
[MAP CLIENT] message received — openMissionId: null elapsed: 68.63 isAction: false MapWindowClient.tsx:30:22
[MAP CLIENT] message received — openMissionId: null elapsed: 68.731 isAction: false MapWindowClient.tsx:30:22
[MAP CLIENT] message received — openMissionId: null elapsed: 68.837 isAction: false MapWindowClient.tsx:30:22
[MAP CLIENT] message received — openMissionId: null elapsed: 68.943 isAction: false MapWindowClient.tsx:30:22
[MAP CLIENT] message received — openMissionId: null elapsed: 69.043 isAction: false MapWindowClient.tsx:30:22
[MAP CLIENT] message received — openMissionId: null elapsed: 69.148 isAction: false MapWindowClient.tsx:30:22
[MAP CLIENT] message received — openMissionId: null elapsed: 69.248 isAction: false MapWindowClient.tsx:30:22
[MAP CLIENT] message received — openMissionId: null elapsed: 69.355 isAction: false MapWindowClient.tsx:30:22
[MAP CLIENT] message received — openMissionId: null elapsed: 69.46 isAction: false MapWindowClient.tsx:30:22
[MAP CLIENT] message received — openMissionId: null elapsed: 69.56 isAction: false MapWindowClient.tsx:30:22
[MAP CLIENT] message received — openMissionId: null elapsed: 69.666 isAction: false MapWindowClient.tsx:30:22
[MAP CLIENT] message received — openMissionId: null elapsed: 69.766 isAction: false MapWindowClient.tsx:30:22
[MAP CLIENT] message received — openMissionId: null elapsed: 69.872 isAction: false MapWindowClient.tsx:30:22
[MAP CLIENT] message received — openMissionId: null elapsed: 69.978 isAction: false MapWindowClient.tsx:30:22
[MAP CLIENT] message received — openMissionId: null elapsed: 70.084 isAction: false MapWindowClient.tsx:30:22
[MAP CLIENT] message received — openMissionId: null elapsed: 70.19 isAction: false MapWindowClient.tsx:30:22
[MAP CLIENT] message received — openMissionId: null elapsed: 70.295 isAction: false MapWindowClient.tsx:30:22
[MAP CLIENT] message received — openMissionId: null elapsed: 70.401 isAction: false MapWindowClient.tsx:30:22
[MAP CLIENT] message received — openMissionId: null elapsed: 70.501 isAction: false MapWindowClient.tsx:30:22
[MAP CLIENT] message received — openMissionId: null elapsed: 70.607 isAction: false MapWindowClient.tsx:30:22
[MAP CLIENT] message received — openMissionId: null elapsed: 70.713 isAction: false MapWindowClient.tsx:30:22
[MAP CLIENT] message received — openMissionId: null elapsed: 70.813 isAction: false MapWindowClient.tsx:30:22
[MAP CLIENT] message received — openMissionId: null elapsed: 70.919 isAction: false MapWindowClient.tsx:30:22
[MAP CLIENT] message received — openMissionId: null elapsed: 71.019 isAction: false MapWindowClient.tsx:30:22
[MAP CLIENT] message received — openMissionId: null elapsed: 71.125 isAction: false MapWindowClient.tsx:30:22
[MAP CLIENT] message received — openMissionId: null elapsed: 71.23 isAction: false MapWindowClient.tsx:30:22
[MAP CLIENT] message received — openMissionId: null elapsed: 71.331 isAction: false MapWindowClient.tsx:30:22
[MAP CLIENT] message received — openMissionId: null elapsed: 71.436 isAction: false MapWindowClient.tsx:30:22
[MAP CLIENT] message received — openMissionId: null elapsed: 71.537 isAction: false MapWindowClient.tsx:30:22
[MAP CLIENT] message received — openMissionId: null elapsed: 71.642 isAction: false MapWindowClient.tsx:30:22
[MAP CLIENT] message received — openMissionId: null elapsed: 71.742 isAction: false MapWindowClient.tsx:30:22
[MAP CLIENT] message received — openMissionId: null elapsed: 71.848 isAction: false MapWindowClient.tsx:30:22
[MAP CLIENT] message received — openMissionId: null elapsed: 71.949 isAction: false MapWindowClient.tsx:30:22
[MAP CLIENT] message received — openMissionId: null elapsed: 72.054 isAction: false MapWindowClient.tsx:30:22
[MAP CLIENT] message received — openMissionId: null elapsed: 72.161 isAction: false MapWindowClient.tsx:30:22
[MAP CLIENT] message received — openMissionId: null elapsed: 72.266 isAction: false MapWindowClient.tsx:30:22
[MAP CLIENT] message received — openMissionId: null elapsed: 72.372 isAction: false MapWindowClient.tsx:30:22
[MAP CLIENT] message received — openMissionId: null elapsed: 72.478 isAction: false MapWindowClient.tsx:30:22
[MAP CLIENT] message received — openMissionId: null elapsed: 72.584 isAction: false MapWindowClient.tsx:30:22
[MAP CLIENT] message received — openMissionId: null elapsed: 72.69 isAction: false MapWindowClient.tsx:30:22
[MAP CLIENT] message received — openMissionId: null elapsed: 72.795 isAction: false MapWindowClient.tsx:30:22
[MAP CLIENT] message received — openMissionId: null elapsed: 72.901 isAction: false MapWindowClient.tsx:30:22
[MAP CLIENT] message received — openMissionId: null elapsed: 73.001 isAction: false MapWindowClient.tsx:30:22
[MAP CLIENT] message received — openMissionId: null elapsed: 73.107 isAction: false MapWindowClient.tsx:30:22
[MAP CLIENT] message received — openMissionId: null elapsed: 73.213 isAction: false MapWindowClient.tsx:30:22
[MAP CLIENT] message received — openMissionId: null elapsed: 73.319 isAction: false MapWindowClient.tsx:30:22
[MAP CLIENT] message received — openMissionId: null elapsed: 73.425 isAction: false MapWindowClient.tsx:30:22
[MAP CLIENT] message received — openMissionId: null elapsed: 73.525 isAction: false MapWindowClient.tsx:30:22
[MAP CLIENT] message received — openMissionId: null elapsed: 73.63 isAction: false MapWindowClient.tsx:30:22
[MAP CLIENT] message received — openMissionId: null elapsed: 73.73 isAction: false MapWindowClient.tsx:30:22
[MAP CLIENT] message received — openMissionId: null elapsed: 73.831 isAction: false MapWindowClient.tsx:30:22
[MAP CLIENT] message received — openMissionId: null elapsed: 73.936 isAction: false MapWindowClient.tsx:30:22
[MAP CLIENT] message received — openMissionId: null elapsed: 74.037 isAction: false MapWindowClient.tsx:30:22
[MAP CLIENT] message received — openMissionId: null elapsed: 74.143 isAction: false MapWindowClient.tsx:30:22
[MAP CLIENT] message received — openMissionId: null elapsed: 74.248 isAction: false MapWindowClient.tsx:30:22
[MAP CLIENT] message received — openMissionId: null elapsed: 74.354 isAction: false MapWindowClient.tsx:30:22
[MAP CLIENT] message received — openMissionId: null elapsed: 74.46 isAction: false MapWindowClient.tsx:30:22
[MAP CLIENT] message received — openMissionId: null elapsed: 74.56 isAction: false MapWindowClient.tsx:30:22
[MAP CLIENT] message received — openMissionId: null elapsed: 74.666 isAction: false MapWindowClient.tsx:30:22
[MAP CLIENT] message received — openMissionId: null elapsed: 74.766 isAction: false MapWindowClient.tsx:30:22
[MAP CLIENT] message received — openMissionId: null elapsed: 74.871 isAction: false MapWindowClient.tsx:30:22
[MAP CLIENT] message received — openMissionId: null elapsed: 74.972 isAction: false MapWindowClient.tsx:30:22
[MAP CLIENT] message received — openMissionId: null elapsed: 75.072 isAction: false MapWindowClient.tsx:30:22
[MAP CLIENT] message received — openMissionId: null elapsed: 75.178 isAction: false MapWindowClient.tsx:30:22
[MAP CLIENT] message received — openMissionId: null elapsed: 75.284 isAction: false MapWindowClient.tsx:30:22
[MAP CLIENT] message received — openMissionId: null elapsed: 75.389 isAction: false MapWindowClient.tsx:30:22
[MAP CLIENT] message received — openMissionId: null elapsed: 75.489 isAction: false MapWindowClient.tsx:30:22
[MAP CLIENT] message received — openMissionId: null elapsed: 75.595 isAction: false MapWindowClient.tsx:30:22
[MAP CLIENT] message received — openMissionId: null elapsed: 75.701 isAction: false MapWindowClient.tsx:30:22
[MAP CLIENT] message received — openMissionId: null elapsed: 75.801 isAction: false MapWindowClient.tsx:30:22
[MAP CLIENT] message received — openMissionId: null elapsed: 75.902 isAction: false MapWindowClient.tsx:30:22
[MAP CLIENT] message received — openMissionId: null elapsed: 76.007 isAction: false MapWindowClient.tsx:30:22
[MAP CLIENT] message received — openMissionId: null elapsed: 76.113 isAction: false MapWindowClient.tsx:30:22
[MAP CLIENT] message received — openMissionId: null elapsed: 76.219 isAction: false MapWindowClient.tsx:30:22
[MAP CLIENT] message received — openMissionId: null elapsed: 76.319 isAction: false MapWindowClient.tsx:30:22
[MAP CLIENT] message received — openMissionId: null elapsed: 76.424 isAction: false MapWindowClient.tsx:30:22
[MAP CLIENT] message received — openMissionId: null elapsed: 76.525 isAction: false MapWindowClient.tsx:30:22
[MAP CLIENT] message received — openMissionId: null elapsed: 76.631 isAction: false MapWindowClient.tsx:30:22
[MAP CLIENT] message received — openMissionId: null elapsed: 76.737 isAction: false MapWindowClient.tsx:30:22
[MAP CLIENT] message received — openMissionId: null elapsed: 76.837 isAction: false MapWindowClient.tsx:30:22
[MAP CLIENT] message received — openMissionId: null elapsed: 76.942 isAction: false MapWindowClient.tsx:30:22
[MAP CLIENT] message received — openMissionId: null elapsed: 77.043 isAction: false MapWindowClient.tsx:30:22
[MAP CLIENT] message received — openMissionId: null elapsed: 77.148 isAction: false MapWindowClient.tsx:30:22
[MAP CLIENT] message received — openMissionId: null elapsed: 77.248 isAction: false MapWindowClient.tsx:30:22
[MAP CLIENT] message received — openMissionId: null elapsed: 77.354 isAction: false MapWindowClient.tsx:30:22
[MAP CLIENT] message received — openMissionId: null elapsed: 77.455 isAction: false MapWindowClient.tsx:30:22
[MAP CLIENT] message received — openMissionId: null elapsed: 77.56 isAction: false MapWindowClient.tsx:30:22
[MAP CLIENT] message received — openMissionId: null elapsed: 77.666 isAction: false MapWindowClient.tsx:30:22
[MAP CLIENT] message received — openMissionId: null elapsed: 77.772 isAction: false MapWindowClient.tsx:30:22
[MAP CLIENT] message received — openMissionId: null elapsed: 77.878 isAction: false MapWindowClient.tsx:30:22
[MAP CLIENT] message received — openMissionId: null elapsed: 77.983 isAction: false MapWindowClient.tsx:30:22
[MAP CLIENT] message received — openMissionId: null elapsed: 78.09 isAction: false MapWindowClient.tsx:30:22
[MAP CLIENT] message received — openMissionId: null elapsed: 78.195 isAction: false MapWindowClient.tsx:30:22
[MAP CLIENT] message received — openMissionId: null elapsed: 78.295 isAction: false MapWindowClient.tsx:30:22
[MAP CLIENT] message received — openMissionId: null elapsed: 78.401 isAction: false MapWindowClient.tsx:30:22
[MAP CLIENT] message received — openMissionId: null elapsed: 78.502 isAction: false MapWindowClient.tsx:30:22
[MAP CLIENT] message received — openMissionId: null elapsed: 78.607 isAction: false MapWindowClient.tsx:30:22
[MAP CLIENT] message received — openMissionId: null elapsed: 78.712 isAction: false MapWindowClient.tsx:30:22
[MAP CLIENT] message received — openMissionId: null elapsed: 78.819 isAction: false MapWindowClient.tsx:30:22
[MAP CLIENT] message received — openMissionId: null elapsed: 78.925 isAction: false MapWindowClient.tsx:30:22
[MAP CLIENT] message received — openMissionId: null elapsed: 79.031 isAction: false MapWindowClient.tsx:30:22
[MAP CLIENT] message received — openMissionId: null elapsed: 79.136 isAction: false MapWindowClient.tsx:30:22
[MAP CLIENT] message received — openMissionId: null elapsed: 79.237 isAction: false MapWindowClient.tsx:30:22
[MAP CLIENT] message received — openMissionId: null elapsed: 79.342 isAction: false MapWindowClient.tsx:30:22
[MAP CLIENT] message received — openMissionId: null elapsed: 79.448 isAction: false MapWindowClient.tsx:30:22
[MAP CLIENT] message received — openMissionId: null elapsed: 79.548 isAction: false MapWindowClient.tsx:30:22
[MAP CLIENT] message received — openMissionId: null elapsed: 79.649 isAction: false MapWindowClient.tsx:30:22
[MAP CLIENT] message received — openMissionId: null elapsed: 79.754 isAction: false MapWindowClient.tsx:30:22
[MAP CLIENT] message received — openMissionId: null elapsed: 79.86 isAction: false MapWindowClient.tsx:30:22
[MAP CLIENT] message received — openMissionId: null elapsed: 79.966 isAction: false MapWindowClient.tsx:30:22
[MAP CLIENT] message received — openMissionId: null elapsed: 80.066 isAction: false MapWindowClient.tsx:30:22
[MAP CLIENT] message received — openMissionId: null elapsed: 80.172 isAction: false MapWindowClient.tsx:30:22
[MAP CLIENT] message received — openMissionId: null elapsed: 80.277 isAction: false MapWindowClient.tsx:30:22
[MAP CLIENT] message received — openMissionId: null elapsed: 80.383 isAction: false MapWindowClient.tsx:30:22
[MAP CLIENT] message received — openMissionId: null elapsed: 80.483 isAction: false MapWindowClient.tsx:30:22
[MAP CLIENT] message received — openMissionId: null elapsed: 80.584 isAction: false MapWindowClient.tsx:30:22
[MAP CLIENT] message received — openMissionId: null elapsed: 80.689 isAction: false MapWindowClient.tsx:30:22
[MAP CLIENT] message received — openMissionId: null elapsed: 80.797 isAction: false MapWindowClient.tsx:30:22
[MAP CLIENT] message received — openMissionId: null elapsed: 80.901 isAction: false MapWindowClient.tsx:30:22
[MAP CLIENT] message received — openMissionId: null elapsed: 81.002 isAction: false MapWindowClient.tsx:30:22
[MAP CLIENT] message received — openMissionId: null elapsed: 81.107 isAction: false MapWindowClient.tsx:30:22
[MAP CLIENT] message received — openMissionId: null elapsed: 81.213 isAction: false MapWindowClient.tsx:30:22
[MAP CLIENT] message received — openMissionId: null elapsed: 81.313 isAction: false MapWindowClient.tsx:30:22
[MAP CLIENT] message received — openMissionId: null elapsed: 81.418 isAction: false MapWindowClient.tsx:30:22
[MAP CLIENT] message received — openMissionId: null elapsed: 81.519 isAction: false MapWindowClient.tsx:30:22
[MAP CLIENT] message received — openMissionId: null elapsed: 81.625 isAction: false MapWindowClient.tsx:30:22
[MAP CLIENT] message received — openMissionId: null elapsed: 81.73 isAction: false MapWindowClient.tsx:30:22
[MAP CLIENT] message received — openMissionId: null elapsed: 81.831 isAction: false MapWindowClient.tsx:30:22
[MAP CLIENT] message received — openMissionId: null elapsed: 81.936 isAction: false MapWindowClient.tsx:30:22
[MAP CLIENT] message received — openMissionId: null elapsed: 82.043 isAction: false MapWindowClient.tsx:30:22
[MAP CLIENT] message received — openMissionId: null elapsed: 82.148 isAction: false MapWindowClient.tsx:30:22
[MAP CLIENT] message received — openMissionId: null elapsed: 82.249 isAction: false MapWindowClient.tsx:30:22
[MAP CLIENT] message received — openMissionId: null elapsed: 82.354 isAction: false MapWindowClient.tsx:30:22
[MAP CLIENT] message received — openMissionId: null elapsed: 82.46 isAction: false MapWindowClient.tsx:30:22
[MAP CLIENT] message received — openMissionId: null elapsed: 82.56 isAction: false MapWindowClient.tsx:30:22
[MAP CLIENT] message received — openMissionId: null elapsed: 82.666 isAction: false MapWindowClient.tsx:30:22
[MAP CLIENT] message received — openMissionId: null elapsed: 82.771 isAction: false MapWindowClient.tsx:30:22
[MAP CLIENT] message received — openMissionId: null elapsed: 82.872 isAction: false MapWindowClient.tsx:30:22
[MAP CLIENT] message received — openMissionId: null elapsed: 82.978 isAction: false MapWindowClient.tsx:30:22
[MAP CLIENT] message received — openMissionId: null elapsed: 83.078 isAction: false MapWindowClient.tsx:30:22
[MAP CLIENT] message received — openMissionId: null elapsed: 83.184 isAction: false MapWindowClient.tsx:30:22
[MAP CLIENT] message received — openMissionId: null elapsed: 83.289 isAction: false MapWindowClient.tsx:30:22
[MAP CLIENT] message received — openMissionId: null elapsed: 83.396 isAction: false MapWindowClient.tsx:30:22
[MAP CLIENT] message received — openMissionId: null elapsed: 83.501 isAction: false MapWindowClient.tsx:30:22
[MAP CLIENT] message received — openMissionId: null elapsed: 83.607 isAction: false MapWindowClient.tsx:30:22
[MAP CLIENT] message received — openMissionId: null elapsed: 83.713 isAction: false MapWindowClient.tsx:30:22
[MAP CLIENT] message received — openMissionId: null elapsed: 83.813 isAction: false MapWindowClient.tsx:30:22
[MAP CLIENT] message received — openMissionId: null elapsed: 83.918 isAction: false MapWindowClient.tsx:30:22
[MAP CLIENT] message received — openMissionId: null elapsed: 84.019 isAction: false MapWindowClient.tsx:30:22
[MAP CLIENT] message received — openMissionId: null elapsed: 84.124 isAction: false MapWindowClient.tsx:30:22
[MAP CLIENT] message received — openMissionId: null elapsed: 84.225 isAction: false MapWindowClient.tsx:30:22
[MAP CLIENT] message received — openMissionId: null elapsed: 84.33 isAction: false MapWindowClient.tsx:30:22
[MAP CLIENT] message received — openMissionId: null elapsed: 84.431 isAction: false MapWindowClient.tsx:30:22
[MAP CLIENT] message received — openMissionId: null elapsed: 84.537 isAction: false MapWindowClient.tsx:30:22
[MAP CLIENT] message received — openMissionId: null elapsed: 84.642 isAction: false MapWindowClient.tsx:30:22
[MAP CLIENT] message received — openMissionId: null elapsed: 84.742 isAction: false MapWindowClient.tsx:30:22
[MAP CLIENT] message received — openMissionId: null elapsed: 84.848 isAction: false MapWindowClient.tsx:30:22
[MAP CLIENT] message received — openMissionId: null elapsed: 84.954 isAction: false MapWindowClient.tsx:30:22
[MAP CLIENT] message received — openMissionId: null elapsed: 85.054 isAction: false MapWindowClient.tsx:30:22
[MAP CLIENT] message received — openMissionId: null elapsed: 85.16 isAction: false MapWindowClient.tsx:30:22
[MAP CLIENT] message received — openMissionId: null elapsed: 85.26 isAction: false MapWindowClient.tsx:30:22
[MAP CLIENT] message received — openMissionId: null elapsed: 85.366 isAction: false MapWindowClient.tsx:30:22
[MAP CLIENT] message received — openMissionId: null elapsed: 85.472 isAction: false MapWindowClient.tsx:30:22
[MAP CLIENT] message received — openMissionId: null elapsed: 85.572 isAction: false MapWindowClient.tsx:30:22
[MAP CLIENT] message received — openMissionId: null elapsed: 85.677 isAction: false MapWindowClient.tsx:30:22
[MAP CLIENT] message received — openMissionId: null elapsed: 85.778 isAction: false MapWindowClient.tsx:30:22
[MAP CLIENT] message received — openMissionId: null elapsed: 85.883 isAction: false MapWindowClient.tsx:30:22
[MAP CLIENT] message received — openMissionId: null elapsed: 85.984 isAction: false MapWindowClient.tsx:30:22
[MAP CLIENT] message received — openMissionId: null elapsed: 86.084 isAction: false MapWindowClient.tsx:30:22
[MAP CLIENT] message received — openMissionId: null elapsed: 86.189 isAction: false MapWindowClient.tsx:30:22
[MAP CLIENT] message received — openMissionId: null elapsed: 86.29 isAction: false MapWindowClient.tsx:30:22
[MAP CLIENT] message received — openMissionId: null elapsed: 86.395 isAction: false MapWindowClient.tsx:30:22
[MAP CLIENT] message received — openMissionId: null elapsed: 86.495 isAction: false MapWindowClient.tsx:30:22
[MAP CLIENT] message received — openMissionId: null elapsed: 86.601 isAction: false MapWindowClient.tsx:30:22
[MAP CLIENT] message received — openMissionId: null elapsed: 86.706 isAction: false MapWindowClient.tsx:30:22
[MAP CLIENT] message received — openMissionId: null elapsed: 86.807 isAction: false MapWindowClient.tsx:30:22
[MAP CLIENT] message received — openMissionId: null elapsed: 86.913 isAction: false MapWindowClient.tsx:30:22
[MAP CLIENT] message received — openMissionId: null elapsed: 87.013 isAction: false MapWindowClient.tsx:30:22
[MAP CLIENT] message received — openMissionId: null elapsed: 87.119 isAction: false MapWindowClient.tsx:30:22
[MAP CLIENT] message received — openMissionId: null elapsed: 87.225 isAction: false MapWindowClient.tsx:30:22
[MAP CLIENT] message received — openMissionId: null elapsed: 87.331 isAction: false MapWindowClient.tsx:30:22
[MAP CLIENT] message received — openMissionId: null elapsed: 87.436 isAction: false MapWindowClient.tsx:30:22
[MAP CLIENT] message received — openMissionId: null elapsed: 87.542 isAction: false MapWindowClient.tsx:30:22
[MAP CLIENT] message received — openMissionId: null elapsed: 87.648 isAction: false MapWindowClient.tsx:30:22
[MAP CLIENT] message received — openMissionId: null elapsed: 87.748 isAction: false MapWindowClient.tsx:30:22
[MAP CLIENT] message received — openMissionId: null elapsed: 87.854 isAction: false MapWindowClient.tsx:30:22
[MAP CLIENT] message received — openMissionId: null elapsed: 87.96 isAction: false MapWindowClient.tsx:30:22
[MAP CLIENT] message received — openMissionId: null elapsed: 88.06 isAction: false MapWindowClient.tsx:30:22
[MAP CLIENT] message received — openMissionId: null elapsed: 88.165 isAction: false MapWindowClient.tsx:30:22
[MAP CLIENT] message received — openMissionId: null elapsed: 88.266 isAction: false MapWindowClient.tsx:30:22
[MAP CLIENT] message received — openMissionId: null elapsed: 88.372 isAction: false MapWindowClient.tsx:30:22
[MAP CLIENT] message received — openMissionId: null elapsed: 88.478 isAction: false MapWindowClient.tsx:30:22
[MAP CLIENT] message received — openMissionId: null elapsed: 88.583 isAction: false MapWindowClient.tsx:30:22
[MAP CLIENT] message received — openMissionId: null elapsed: 88.683 isAction: false MapWindowClient.tsx:30:22
[MAP CLIENT] message received — openMissionId: null elapsed: 88.789 isAction: false MapWindowClient.tsx:30:22
[MAP CLIENT] message received — openMissionId: null elapsed: 88.895 isAction: false MapWindowClient.tsx:30:22
[MAP CLIENT] message received — openMissionId: null elapsed: 88.995 isAction: false MapWindowClient.tsx:30:22
[MAP CLIENT] message received — openMissionId: null elapsed: 89.101 isAction: false MapWindowClient.tsx:30:22
[MAP CLIENT] message received — openMissionId: null elapsed: 89.207 isAction: false MapWindowClient.tsx:30:22
[MAP CLIENT] message received — openMissionId: null elapsed: 89.307 isAction: false MapWindowClient.tsx:30:22
[MAP CLIENT] message received — openMissionId: null elapsed: 89.413 isAction: false MapWindowClient.tsx:30:22
[MAP CLIENT] message received — openMissionId: null elapsed: 89.519 isAction: false MapWindowClient.tsx:30:22
[MAP CLIENT] message received — openMissionId: null elapsed: 89.625 isAction: false MapWindowClient.tsx:30:22
[MAP CLIENT] message received — openMissionId: null elapsed: 89.73 isAction: false MapWindowClient.tsx:30:22
[MAP CLIENT] message received — openMissionId: null elapsed: 89.836 isAction: false MapWindowClient.tsx:30:22
[MAP CLIENT] message received — openMissionId: null elapsed: 89.936 isAction: false MapWindowClient.tsx:30:22
[MAP CLIENT] message received — openMissionId: null elapsed: 90.043 isAction: false MapWindowClient.tsx:30:22
[MAP CLIENT] message received — openMissionId: null elapsed: 90.148 isAction: false MapWindowClient.tsx:30:22
[MAP CLIENT] message received — openMissionId: null elapsed: 90.248 isAction: false MapWindowClient.tsx:30:22
[MAP CLIENT] message received — openMissionId: null elapsed: 90.354 isAction: false MapWindowClient.tsx:30:22
[MAP CLIENT] message received — openMissionId: null elapsed: 90.46 isAction: false MapWindowClient.tsx:30:22
[MAP CLIENT] message received — openMissionId: null elapsed: 90.56 isAction: false MapWindowClient.tsx:30:22
[MAP CLIENT] message received — openMissionId: null elapsed: 90.666 isAction: false MapWindowClient.tsx:30:22
[MAP CLIENT] message received — openMissionId: null elapsed: 90.771 isAction: false MapWindowClient.tsx:30:22
[MAP CLIENT] message received — openMissionId: null elapsed: 90.872 isAction: false MapWindowClient.tsx:30:22
[MAP CLIENT] message received — openMissionId: null elapsed: 90.977 isAction: false MapWindowClient.tsx:30:22
[MAP CLIENT] message received — openMissionId: null elapsed: 91.084 isAction: false MapWindowClient.tsx:30:22
[MAP CLIENT] message received — openMissionId: null elapsed: 91.19 isAction: false MapWindowClient.tsx:30:22
[MAP CLIENT] message received — openMissionId: null elapsed: 91.295 isAction: false MapWindowClient.tsx:30:22
[MAP CLIENT] message received — openMissionId: null elapsed: 91.401 isAction: false MapWindowClient.tsx:30:22
[MAP CLIENT] message received — openMissionId: null elapsed: 91.501 isAction: false MapWindowClient.tsx:30:22
[MAP CLIENT] message received — openMissionId: null elapsed: 91.607 isAction: false MapWindowClient.tsx:30:22
[MAP CLIENT] message received — openMissionId: null elapsed: 91.713 isAction: false MapWindowClient.tsx:30:22
[MAP CLIENT] message received — openMissionId: null elapsed: 91.813 isAction: false MapWindowClient.tsx:30:22
[MAP CLIENT] message received — openMissionId: null elapsed: 91.918 isAction: false MapWindowClient.tsx:30:22
[MAP CLIENT] message received — openMissionId: null elapsed: 92.019 isAction: false MapWindowClient.tsx:30:22
[MAP CLIENT] message received — openMissionId: null elapsed: 92.124 isAction: false MapWindowClient.tsx:30:22
[MAP CLIENT] message received — openMissionId: null elapsed: 92.224 isAction: false MapWindowClient.tsx:30:22
[MAP CLIENT] message received — openMissionId: null elapsed: 92.331 isAction: false MapWindowClient.tsx:30:22
[MAP CLIENT] message received — openMissionId: null elapsed: 92.437 isAction: false MapWindowClient.tsx:30:22
[MAP CLIENT] message received — openMissionId: null elapsed: 92.537 isAction: false MapWindowClient.tsx:30:22
[MAP CLIENT] message received — openMissionId: null elapsed: 92.642 isAction: false MapWindowClient.tsx:30:22
[MAP CLIENT] message received — openMissionId: null elapsed: 92.742 isAction: false MapWindowClient.tsx:30:22
[MAP CLIENT] message received — openMissionId: null elapsed: 92.848 isAction: false MapWindowClient.tsx:30:22
[MAP CLIENT] message received — openMissionId: null elapsed: 92.954 isAction: false MapWindowClient.tsx:30:22
[MAP CLIENT] message received — openMissionId: null elapsed: 93.054 isAction: false MapWindowClient.tsx:30:22
[MAP CLIENT] message received — openMissionId: null elapsed: 93.159 isAction: false MapWindowClient.tsx:30:22
[MAP CLIENT] message received — openMissionId: null elapsed: 93.26 isAction: false MapWindowClient.tsx:30:22
[MAP CLIENT] message received — openMissionId: null elapsed: 93.366 isAction: false MapWindowClient.tsx:30:22
[MAP CLIENT] message received — openMissionId: null elapsed: 93.472 isAction: false MapWindowClient.tsx:30:22
[MAP CLIENT] message received — openMissionId: null elapsed: 93.572 isAction: false MapWindowClient.tsx:30:22
[MAP CLIENT] message received — openMissionId: null elapsed: 93.677 isAction: false MapWindowClient.tsx:30:22
[MAP CLIENT] message received — openMissionId: null elapsed: 93.778 isAction: false MapWindowClient.tsx:30:22
[MAP CLIENT] message received — openMissionId: null elapsed: 93.883 isAction: false MapWindowClient.tsx:30:22
[MAP CLIENT] message received — openMissionId: null elapsed: 93.984 isAction: false MapWindowClient.tsx:30:22
[MAP CLIENT] message received — openMissionId: null elapsed: 94.089 isAction: false MapWindowClient.tsx:30:22
[MAP CLIENT] message received — openMissionId: null elapsed: 94.19 isAction: false MapWindowClient.tsx:30:22
[MAP CLIENT] message received — openMissionId: null elapsed: 94.295 isAction: false MapWindowClient.tsx:30:22
[MAP CLIENT] message received — openMissionId: null elapsed: 94.396 isAction: false MapWindowClient.tsx:30:22
[MAP CLIENT] message received — openMissionId: null elapsed: 94.501 isAction: false MapWindowClient.tsx:30:22
[MAP CLIENT] message received — openMissionId: null elapsed: 94.606 isAction: false MapWindowClient.tsx:30:22
[MAP CLIENT] message received — openMissionId: null elapsed: 94.707 isAction: false MapWindowClient.tsx:30:22
[MAP CLIENT] message received — openMissionId: null elapsed: 94.807 isAction: false MapWindowClient.tsx:30:22
[MAP CLIENT] message received — openMissionId: null elapsed: 94.912 isAction: false MapWindowClient.tsx:30:22
[MAP CLIENT] message received — openMissionId: null elapsed: 95.013 isAction: false MapWindowClient.tsx:30:22
[MAP CLIENT] message received — openMissionId: null elapsed: 95.119 isAction: false MapWindowClient.tsx:30:22
[MAP CLIENT] message received — openMissionId: null elapsed: 95.224 isAction: false MapWindowClient.tsx:30:22
[MAP CLIENT] message received — openMissionId: null elapsed: 95.331 isAction: false MapWindowClient.tsx:30:22
[MAP CLIENT] message received — openMissionId: null elapsed: 95.436 isAction: false MapWindowClient.tsx:30:22
[MAP CLIENT] message received — openMissionId: null elapsed: 95.543 isAction: false MapWindowClient.tsx:30:22
[MAP CLIENT] message received — openMissionId: null elapsed: 95.648 isAction: false MapWindowClient.tsx:30:22
[MAP CLIENT] message received — openMissionId: null elapsed: 95.748 isAction: false MapWindowClient.tsx:30:22
[MAP CLIENT] message received — openMissionId: null elapsed: 95.854 isAction: false MapWindowClient.tsx:30:22
[MAP CLIENT] message received — openMissionId: null elapsed: 95.959 isAction: false MapWindowClient.tsx:30:22
[MAP CLIENT] message received — openMissionId: null elapsed: 96.06 isAction: false MapWindowClient.tsx:30:22
[MAP CLIENT] message received — openMissionId: null elapsed: 96.166 isAction: false MapWindowClient.tsx:30:22
[MAP CLIENT] message received — openMissionId: null elapsed: 96.266 isAction: false MapWindowClient.tsx:30:22
[MAP CLIENT] message received — openMissionId: null elapsed: 96.372 isAction: false MapWindowClient.tsx:30:22
[MAP CLIENT] message received — openMissionId: null elapsed: 96.477 isAction: false MapWindowClient.tsx:30:22
[MAP CLIENT] message received — openMissionId: null elapsed: 96.578 isAction: false MapWindowClient.tsx:30:22
[MAP CLIENT] message received — openMissionId: null elapsed: 96.683 isAction: false MapWindowClient.tsx:30:22
[MAP CLIENT] message received — openMissionId: null elapsed: 96.789 isAction: false MapWindowClient.tsx:30:22
[MAP CLIENT] message received — openMissionId: null elapsed: 96.895 isAction: false MapWindowClient.tsx:30:22
[MAP CLIENT] message received — openMissionId: null elapsed: 96.995 isAction: false MapWindowClient.tsx:30:22
[MAP CLIENT] message received — openMissionId: null elapsed: 97.101 isAction: false MapWindowClient.tsx:30:22
[MAP CLIENT] message received — openMissionId: null elapsed: 97.207 isAction: false MapWindowClient.tsx:30:22
[MAP CLIENT] message received — openMissionId: null elapsed: 97.307 isAction: false MapWindowClient.tsx:30:22
[MAP CLIENT] message received — openMissionId: null elapsed: 97.413 isAction: false MapWindowClient.tsx:30:22
[MAP CLIENT] message received — openMissionId: null elapsed: 97.519 isAction: false MapWindowClient.tsx:30:22
[MAP CLIENT] message received — openMissionId: null elapsed: 97.624 isAction: false MapWindowClient.tsx:30:22
[MAP CLIENT] message received — openMissionId: null elapsed: 97.724 isAction: false MapWindowClient.tsx:30:22
[MAP CLIENT] message received — openMissionId: null elapsed: 97.825 isAction: false MapWindowClient.tsx:30:22
[MAP CLIENT] message received — openMissionId: null elapsed: 97.93 isAction: false MapWindowClient.tsx:30:22
[MAP CLIENT] message received — openMissionId: null elapsed: 98.036 isAction: false MapWindowClient.tsx:30:22
[MAP CLIENT] message received — openMissionId: null elapsed: 98.142 isAction: false MapWindowClient.tsx:30:22
[MAP CLIENT] message received — openMissionId: null elapsed: 98.242 isAction: false MapWindowClient.tsx:30:22
[MAP CLIENT] message received — openMissionId: null elapsed: 98.348 isAction: false MapWindowClient.tsx:30:22
[MAP CLIENT] message received — openMissionId: null elapsed: 98.454 isAction: false MapWindowClient.tsx:30:22
[MAP CLIENT] message received — openMissionId: null elapsed: 98.554 isAction: false MapWindowClient.tsx:30:22
[MAP CLIENT] message received — openMissionId: null elapsed: 98.659 isAction: false MapWindowClient.tsx:30:22
[MAP CLIENT] message received — openMissionId: null elapsed: 98.76 isAction: false MapWindowClient.tsx:30:22
[MAP CLIENT] message received — openMissionId: null elapsed: 98.866 isAction: false MapWindowClient.tsx:30:22
[MAP CLIENT] message received — openMissionId: null elapsed: 98.971 isAction: false MapWindowClient.tsx:30:22
[MAP CLIENT] message received — openMissionId: null elapsed: 99.072 isAction: false MapWindowClient.tsx:30:22
[MAP CLIENT] message received — openMissionId: null elapsed: 99.178 isAction: false MapWindowClient.tsx:30:22
[MAP CLIENT] message received — openMissionId: null elapsed: 99.283 isAction: false MapWindowClient.tsx:30:22
[MAP CLIENT] message received — openMissionId: null elapsed: 99.384 isAction: false MapWindowClient.tsx:30:22
[MAP CLIENT] message received — openMissionId: null elapsed: 99.489 isAction: false MapWindowClient.tsx:30:22
[MAP CLIENT] message received — openMissionId: null elapsed: 99.595 isAction: false MapWindowClient.tsx:30:22
[MAP CLIENT] message received — openMissionId: null elapsed: 99.701 isAction: false MapWindowClient.tsx:30:22
[MAP CLIENT] message received — openMissionId: null elapsed: 99.801 isAction: false MapWindowClient.tsx:30:22
[MAP CLIENT] message received — openMissionId: null elapsed: 99.906 isAction: false MapWindowClient.tsx:30:22
[MAP CLIENT] message received — openMissionId: null elapsed: 100.007 isAction: false MapWindowClient.tsx:30:22
[MAP CLIENT] message received — openMissionId: null elapsed: 100.113 isAction: false MapWindowClient.tsx:30:22
[MAP CLIENT] message received — openMissionId: null elapsed: 100.219 isAction: false MapWindowClient.tsx:30:22
[MAP CLIENT] message received — openMissionId: null elapsed: 100.324 isAction: false MapWindowClient.tsx:30:22
[MAP CLIENT] message received — openMissionId: null elapsed: 100.424 isAction: false MapWindowClient.tsx:30:22
[MAP CLIENT] message received — openMissionId: null elapsed: 100.53 isAction: false MapWindowClient.tsx:30:22
[MAP CLIENT] message received — openMissionId: null elapsed: 100.637 isAction: false MapWindowClient.tsx:30:22
[MAP CLIENT] message received — openMissionId: null elapsed: 100.742 isAction: false MapWindowClient.tsx:30:22
[MAP CLIENT] message received — openMissionId: null elapsed: 100.848 isAction: false MapWindowClient.tsx:30:22
[MAP CLIENT] message received — openMissionId: null elapsed: 100.954 isAction: false MapWindowClient.tsx:30:22
[MAP CLIENT] message received — openMissionId: null elapsed: 101.059 isAction: false MapWindowClient.tsx:30:22
[MAP CLIENT] message received — openMissionId: null elapsed: 101.16 isAction: false MapWindowClient.tsx:30:22
[MAP CLIENT] message received — openMissionId: null elapsed: 101.26 isAction: false MapWindowClient.tsx:30:22
[MAP CLIENT] message received — openMissionId: null elapsed: 101.366 isAction: false MapWindowClient.tsx:30:22
[MAP CLIENT] message received — openMissionId: null elapsed: 101.472 isAction: false MapWindowClient.tsx:30:22
[MAP CLIENT] message received — openMissionId: null elapsed: 101.572 isAction: false MapWindowClient.tsx:30:22
[MAP CLIENT] message received — openMissionId: null elapsed: 101.678 isAction: false MapWindowClient.tsx:30:22
[MAP CLIENT] message received — openMissionId: null elapsed: 101.783 isAction: false MapWindowClient.tsx:30:22
[MAP CLIENT] message received — openMissionId: null elapsed: 101.884 isAction: false MapWindowClient.tsx:30:22
[MAP CLIENT] message received — openMissionId: null elapsed: 101.989 isAction: false MapWindowClient.tsx:30:22
[MAP CLIENT] message received — openMissionId: null elapsed: 102.095 isAction: false MapWindowClient.tsx:30:22
[MAP CLIENT] message received — openMissionId: null elapsed: 102.201 isAction: false MapWindowClient.tsx:30:22
[MAP CLIENT] message received — openMissionId: null elapsed: 102.307 isAction: false MapWindowClient.tsx:30:22
[MAP CLIENT] message received — openMissionId: null elapsed: 102.412 isAction: false MapWindowClient.tsx:30:22
[MAP CLIENT] message received — openMissionId: null elapsed: 102.513 isAction: false MapWindowClient.tsx:30:22
[MAP CLIENT] message received — openMissionId: null elapsed: 102.619 isAction: false MapWindowClient.tsx:30:22
[MAP CLIENT] message received — openMissionId: null elapsed: 102.724 isAction: false MapWindowClient.tsx:30:22
[MAP CLIENT] message received — openMissionId: null elapsed: 102.831 isAction: false MapWindowClient.tsx:30:22
[MAP CLIENT] message received — openMissionId: null elapsed: 102.936 isAction: false MapWindowClient.tsx:30:22
[MAP CLIENT] message received — openMissionId: null elapsed: 103.037 isAction: false MapWindowClient.tsx:30:22
[MAP CLIENT] message received — openMissionId: null elapsed: 103.142 isAction: false MapWindowClient.tsx:30:22
[MAP CLIENT] message received — openMissionId: null elapsed: 103.242 isAction: false MapWindowClient.tsx:30:22
[MAP CLIENT] message received — openMissionId: null elapsed: 103.348 isAction: false MapWindowClient.tsx:30:22
[MAP CLIENT] message received — openMissionId: null elapsed: 103.453 isAction: false MapWindowClient.tsx:30:22
[MAP CLIENT] message received — openMissionId: null elapsed: 103.554 isAction: false MapWindowClient.tsx:30:22
[MAP CLIENT] message received — openMissionId: null elapsed: 103.66 isAction: false MapWindowClient.tsx:30:22
[MAP CLIENT] message received — openMissionId: null elapsed: 103.76 isAction: false MapWindowClient.tsx:30:22
[MAP CLIENT] message received — openMissionId: null elapsed: 103.865 isAction: false MapWindowClient.tsx:30:22
[MAP CLIENT] message received — openMissionId: null elapsed: 103.966 isAction: false MapWindowClient.tsx:30:22
[MAP CLIENT] message received — openMissionId: null elapsed: 104.066 isAction: false MapWindowClient.tsx:30:22
[MAP CLIENT] message received — openMissionId: null elapsed: 104.172 isAction: false MapWindowClient.tsx:30:22
[MAP CLIENT] message received — openMissionId: null elapsed: 104.272 isAction: false MapWindowClient.tsx:30:22
[MAP CLIENT] message received — openMissionId: null elapsed: 104.377 isAction: false MapWindowClient.tsx:30:22
[MAP CLIENT] message received — openMissionId: null elapsed: 104.478 isAction: false MapWindowClient.tsx:30:22
[MAP CLIENT] message received — openMissionId: null elapsed: 104.583 isAction: false MapWindowClient.tsx:30:22
[MAP CLIENT] message received — openMissionId: null elapsed: 104.683 isAction: false MapWindowClient.tsx:30:22
[MAP CLIENT] message received — openMissionId: null elapsed: 104.789 isAction: false MapWindowClient.tsx:30:22
[MAP CLIENT] message received — openMissionId: null elapsed: 104.895 isAction: false MapWindowClient.tsx:30:22
[MAP CLIENT] message received — openMissionId: null elapsed: 104.995 isAction: false MapWindowClient.tsx:30:22
[MAP CLIENT] message received — openMissionId: null elapsed: 105.101 isAction: false MapWindowClient.tsx:30:22
[MAP CLIENT] message received — openMissionId: null elapsed: 105.206 isAction: false MapWindowClient.tsx:30:22
[MAP CLIENT] message received — openMissionId: null elapsed: 105.307 isAction: false MapWindowClient.tsx:30:22
[MAP CLIENT] message received — openMissionId: null elapsed: 105.413 isAction: false MapWindowClient.tsx:30:22
[MAP CLIENT] message received — openMissionId: null elapsed: 105.518 isAction: false MapWindowClient.tsx:30:22
[MAP CLIENT] message received — openMissionId: null elapsed: 105.619 isAction: false MapWindowClient.tsx:30:22
[MAP CLIENT] message received — openMissionId: null elapsed: 105.725 isAction: false MapWindowClient.tsx:30:22
[MAP CLIENT] message received — openMissionId: null elapsed: 105.825 isAction: false MapWindowClient.tsx:30:22
[MAP CLIENT] message received — openMissionId: null elapsed: 105.93 isAction: false MapWindowClient.tsx:30:22
[MAP CLIENT] message received — openMissionId: null elapsed: 106.036 isAction: false MapWindowClient.tsx:30:22
[MAP CLIENT] message received — openMissionId: null elapsed: 106.142 isAction: false MapWindowClient.tsx:30:22
[MAP CLIENT] message received — openMissionId: null elapsed: 106.242 isAction: false MapWindowClient.tsx:30:22
[MAP CLIENT] message received — openMissionId: null elapsed: 106.348 isAction: false MapWindowClient.tsx:30:22
[MAP CLIENT] message received — openMissionId: null elapsed: 106.454 isAction: false MapWindowClient.tsx:30:22
[MAP CLIENT] message received — openMissionId: null elapsed: 106.559 isAction: false MapWindowClient.tsx:30:22
[MAP CLIENT] message received — openMissionId: null elapsed: 106.66 isAction: false MapWindowClient.tsx:30:22
[MAP CLIENT] message received — openMissionId: null elapsed: 106.76 isAction: false MapWindowClient.tsx:30:22
[MAP CLIENT] message received — openMissionId: null elapsed: 106.866 isAction: false MapWindowClient.tsx:30:22
[MAP CLIENT] message received — openMissionId: null elapsed: 106.971 isAction: false MapWindowClient.tsx:30:22
[MAP CLIENT] message received — openMissionId: null elapsed: 107.072 isAction: false MapWindowClient.tsx:30:22
[MAP CLIENT] message received — openMissionId: null elapsed: 107.178 isAction: false MapWindowClient.tsx:30:22
[MAP CLIENT] message received — openMissionId: null elapsed: 107.283 isAction: false MapWindowClient.tsx:30:22
[MAP CLIENT] message received — openMissionId: null elapsed: 107.384 isAction: false MapWindowClient.tsx:30:22
[MAP CLIENT] message received — openMissionId: null elapsed: 107.489 isAction: false MapWindowClient.tsx:30:22
[MAP CLIENT] message received — openMissionId: null elapsed: 107.595 isAction: false MapWindowClient.tsx:30:22
[MAP CLIENT] message received — openMissionId: null elapsed: 107.701 isAction: false MapWindowClient.tsx:30:22
[MAP CLIENT] message received — openMissionId: null elapsed: 107.801 isAction: false MapWindowClient.tsx:30:22
[MAP CLIENT] message received — openMissionId: null elapsed: 107.906 isAction: false MapWindowClient.tsx:30:22
[MAP CLIENT] message received — openMissionId: null elapsed: 108.007 isAction: false MapWindowClient.tsx:30:22
[MAP CLIENT] message received — openMissionId: null elapsed: 108.112 isAction: false MapWindowClient.tsx:30:22
[MAP CLIENT] message received — openMissionId: null elapsed: 108.213 isAction: false MapWindowClient.tsx:30:22
[MAP CLIENT] message received — openMissionId: null elapsed: 108.313 isAction: false MapWindowClient.tsx:30:22
[MAP CLIENT] message received — openMissionId: null elapsed: 108.419 isAction: false MapWindowClient.tsx:30:22
[MAP CLIENT] message received — openMissionId: null elapsed: 108.519 isAction: false MapWindowClient.tsx:30:22
[MAP CLIENT] message received — openMissionId: null elapsed: 108.624 isAction: false MapWindowClient.tsx:30:22
[MAP CLIENT] message received — openMissionId: null elapsed: 108.725 isAction: false MapWindowClient.tsx:30:22
[MAP CLIENT] message received — openMissionId: null elapsed: 108.831 isAction: false MapWindowClient.tsx:30:22
[MAP CLIENT] message received — openMissionId: null elapsed: 108.936 isAction: false MapWindowClient.tsx:30:22
[MAP CLIENT] message received — openMissionId: null elapsed: 109.042 isAction: false MapWindowClient.tsx:30:22
[MAP CLIENT] message received — openMissionId: null elapsed: 109.148 isAction: false MapWindowClient.tsx:30:22
[MAP CLIENT] message received — openMissionId: null elapsed: 109.248 isAction: false MapWindowClient.tsx:30:22
[MAP CLIENT] message received — openMissionId: null elapsed: 109.353 isAction: false MapWindowClient.tsx:30:22
[MAP CLIENT] message received — openMissionId: null elapsed: 109.454 isAction: false MapWindowClient.tsx:30:22
[MAP CLIENT] message received — openMissionId: null elapsed: 109.554 isAction: false MapWindowClient.tsx:30:22
[MAP CLIENT] message received — openMissionId: null elapsed: 109.659 isAction: false MapWindowClient.tsx:30:22
[MAP CLIENT] message received — openMissionId: null elapsed: 109.76 isAction: false MapWindowClient.tsx:30:22
[MAP CLIENT] message received — openMissionId: null elapsed: 109.865 isAction: false MapWindowClient.tsx:30:22
[MAP CLIENT] message received — openMissionId: null elapsed: 109.966 isAction: false MapWindowClient.tsx:30:22
[MAP CLIENT] message received — openMissionId: null elapsed: 110.066 isAction: false MapWindowClient.tsx:30:22
[MAP CLIENT] message received — openMissionId: null elapsed: 110.171 isAction: false MapWindowClient.tsx:30:22
[MAP CLIENT] message received — openMissionId: null elapsed: 110.272 isAction: false MapWindowClient.tsx:30:22
[MAP CLIENT] message received — openMissionId: null elapsed: 110.378 isAction: false MapWindowClient.tsx:30:22
[MAP CLIENT] message received — openMissionId: null elapsed: 110.483 isAction: false MapWindowClient.tsx:30:22
[MAP CLIENT] message received — openMissionId: null elapsed: 110.589 isAction: false MapWindowClient.tsx:30:22
[MAP CLIENT] message received — openMissionId: null elapsed: 110.695 isAction: false MapWindowClient.tsx:30:22
[MAP CLIENT] message received — openMissionId: null elapsed: 110.795 isAction: false MapWindowClient.tsx:30:22
[MAP CLIENT] message received — openMissionId: null elapsed: 110.901 isAction: false MapWindowClient.tsx:30:22
[MAP CLIENT] message received — openMissionId: null elapsed: 111.001 isAction: false MapWindowClient.tsx:30:22
[MAP CLIENT] message received — openMissionId: null elapsed: 111.107 isAction: false MapWindowClient.tsx:30:22
[MAP CLIENT] message received — openMissionId: null elapsed: 111.213 isAction: false MapWindowClient.tsx:30:22
[MAP CLIENT] message received — openMissionId: null elapsed: 111.318 isAction: false MapWindowClient.tsx:30:22
[MAP CLIENT] message received — openMissionId: null elapsed: 111.419 isAction: false MapWindowClient.tsx:30:22
[MAP CLIENT] message received — openMissionId: null elapsed: 111.519 isAction: false MapWindowClient.tsx:30:22
[MAP CLIENT] message received — openMissionId: null elapsed: 111.624 isAction: false MapWindowClient.tsx:30:22
[MAP CLIENT] message received — openMissionId: null elapsed: 111.725 isAction: false MapWindowClient.tsx:30:22
[MAP CLIENT] message received — openMissionId: null elapsed: 111.83 isAction: false MapWindowClient.tsx:30:22
[MAP CLIENT] message received — openMissionId: null elapsed: 111.93 isAction: false MapWindowClient.tsx:30:22
[MAP CLIENT] message received — openMissionId: null elapsed: 112.031 isAction: false MapWindowClient.tsx:30:22
[MAP CLIENT] message received — openMissionId: null elapsed: 112.136 isAction: false MapWindowClient.tsx:30:22
[MAP CLIENT] message received — openMissionId: null elapsed: 112.236 isAction: false MapWindowClient.tsx:30:22
[MAP CLIENT] message received — openMissionId: null elapsed: 112.342 isAction: false MapWindowClient.tsx:30:22
[MAP CLIENT] message received — openMissionId: null elapsed: 112.448 isAction: false MapWindowClient.tsx:30:22
[MAP CLIENT] message received — openMissionId: null elapsed: 112.548 isAction: false MapWindowClient.tsx:30:22
[MAP CLIENT] message received — openMissionId: null elapsed: 112.654 isAction: false MapWindowClient.tsx:30:22
[MAP CLIENT] message received — openMissionId: null elapsed: 112.754 isAction: false MapWindowClient.tsx:30:22
[MAP CLIENT] message received — openMissionId: null elapsed: 112.86 isAction: false MapWindowClient.tsx:30:22
[MAP CLIENT] message received — openMissionId: null elapsed: 112.965 isAction: false MapWindowClient.tsx:30:22
[MAP CLIENT] message received — openMissionId: null elapsed: 113.066 isAction: false MapWindowClient.tsx:30:22
[MAP CLIENT] message received — openMissionId: null elapsed: 113.172 isAction: false MapWindowClient.tsx:30:22
[MAP CLIENT] message received — openMissionId: null elapsed: 113.272 isAction: false MapWindowClient.tsx:30:22
[MAP CLIENT] message received — openMissionId: null elapsed: 113.377 isAction: false MapWindowClient.tsx:30:22
[MAP CLIENT] message received — openMissionId: null elapsed: 113.477 isAction: false MapWindowClient.tsx:30:22
[MAP CLIENT] message received — openMissionId: null elapsed: 113.583 isAction: false MapWindowClient.tsx:30:22
[MAP CLIENT] message received — openMissionId: null elapsed: 113.684 isAction: false MapWindowClient.tsx:30:22
[MAP CLIENT] message received — openMissionId: null elapsed: 113.784 isAction: false MapWindowClient.tsx:30:22
[MAP CLIENT] message received — openMissionId: null elapsed: 113.889 isAction: false MapWindowClient.tsx:30:22
[MAP CLIENT] message received — openMissionId: null elapsed: 113.989 isAction: false MapWindowClient.tsx:30:22
[MAP CLIENT] message received — openMissionId: null elapsed: 114.095 isAction: false MapWindowClient.tsx:30:22
[MAP CLIENT] message received — openMissionId: null elapsed: 114.201 isAction: false MapWindowClient.tsx:30:22
[MAP CLIENT] message received — openMissionId: null elapsed: 114.301 isAction: false MapWindowClient.tsx:30:22
[MAP CLIENT] message received — openMissionId: null elapsed: 114.407 isAction: false MapWindowClient.tsx:30:22
[MAP CLIENT] message received — openMissionId: null elapsed: 114.512 isAction: false MapWindowClient.tsx:30:22
[MAP CLIENT] message received — openMissionId: null elapsed: 114.613 isAction: false MapWindowClient.tsx:30:22
[MAP CLIENT] message received — openMissionId: null elapsed: 114.718 isAction: false MapWindowClient.tsx:30:22
[MAP CLIENT] message received — openMissionId: null elapsed: 114.825 isAction: false MapWindowClient.tsx:30:22
[MAP CLIENT] message received — openMissionId: null elapsed: 114.93 isAction: false MapWindowClient.tsx:30:22
[MAP CLIENT] message received — openMissionId: null elapsed: 115.036 isAction: false MapWindowClient.tsx:30:22
[MAP CLIENT] message received — openMissionId: null elapsed: 115.142 isAction: false MapWindowClient.tsx:30:22
[MAP CLIENT] message received — openMissionId: null elapsed: 115.242 isAction: false MapWindowClient.tsx:30:22
[MAP CLIENT] message received — openMissionId: null elapsed: 115.347 isAction: false MapWindowClient.tsx:30:22
[MAP CLIENT] message received — openMissionId: null elapsed: 115.448 isAction: false MapWindowClient.tsx:30:22
[MAP CLIENT] message received — openMissionId: null elapsed: 115.548 isAction: false MapWindowClient.tsx:30:22
[MAP CLIENT] message received — openMissionId: null elapsed: 115.653 isAction: false MapWindowClient.tsx:30:22
[MAP CLIENT] message received — openMissionId: null elapsed: 115.754 isAction: false MapWindowClient.tsx:30:22
[MAP CLIENT] message received — openMissionId: null elapsed: 115.86 isAction: false MapWindowClient.tsx:30:22
[MAP CLIENT] message received — openMissionId: null elapsed: 115.966 isAction: false MapWindowClient.tsx:30:22
[MAP CLIENT] message received — openMissionId: null elapsed: 116.066 isAction: false MapWindowClient.tsx:30:22
[MAP CLIENT] message received — openMissionId: null elapsed: 116.172 isAction: false MapWindowClient.tsx:30:22
[MAP CLIENT] message received — openMissionId: null elapsed: 116.272 isAction: false MapWindowClient.tsx:30:22
[MAP CLIENT] message received — openMissionId: null elapsed: 116.378 isAction: false MapWindowClient.tsx:30:22
[MAP CLIENT] message received — openMissionId: null elapsed: 116.484 isAction: false MapWindowClient.tsx:30:22
[MAP CLIENT] message received — openMissionId: null elapsed: 116.589 isAction: false MapWindowClient.tsx:30:22
[MAP CLIENT] message received — openMissionId: null elapsed: 116.695 isAction: false MapWindowClient.tsx:30:22
[MAP CLIENT] message received — openMissionId: null elapsed: 116.795 isAction: false MapWindowClient.tsx:30:22
[MAP CLIENT] message received — openMissionId: null elapsed: 116.901 isAction: false MapWindowClient.tsx:30:22
[MAP CLIENT] message received — openMissionId: null elapsed: 117.007 isAction: false MapWindowClient.tsx:30:22
[MAP CLIENT] message received — openMissionId: null elapsed: 117.113 isAction: false MapWindowClient.tsx:30:22
[MAP CLIENT] message received — openMissionId: null elapsed: 117.219 isAction: false MapWindowClient.tsx:30:22
[MAP CLIENT] message received — openMissionId: null elapsed: 117.324 isAction: false MapWindowClient.tsx:30:22
[MAP CLIENT] message received — openMissionId: null elapsed: 117.425 isAction: false MapWindowClient.tsx:30:22
[MAP CLIENT] message received — openMissionId: null elapsed: 117.53 isAction: false MapWindowClient.tsx:30:22
[MAP CLIENT] message received — openMissionId: null elapsed: 117.636 isAction: false MapWindowClient.tsx:30:22
[MAP CLIENT] message received — openMissionId: null elapsed: 117.736 isAction: false MapWindowClient.tsx:30:22
[MAP CLIENT] message received — openMissionId: null elapsed: 117.842 isAction: false MapWindowClient.tsx:30:22
[MAP CLIENT] message received — openMissionId: null elapsed: 117.947 isAction: false MapWindowClient.tsx:30:22
[MAP CLIENT] message received — openMissionId: null elapsed: 118.048 isAction: false MapWindowClient.tsx:30:22
[MAP CLIENT] message received — openMissionId: null elapsed: 118.154 isAction: false MapWindowClient.tsx:30:22
[MAP CLIENT] message received — openMissionId: null elapsed: 118.259 isAction: false MapWindowClient.tsx:30:22
[MAP CLIENT] message received — openMissionId: null elapsed: 118.36 isAction: false MapWindowClient.tsx:30:22
[MAP CLIENT] message received — openMissionId: null elapsed: 118.466 isAction: false MapWindowClient.tsx:30:22
[MAP CLIENT] message received — openMissionId: null elapsed: 118.566 isAction: false MapWindowClient.tsx:30:22
[MAP CLIENT] message received — openMissionId: null elapsed: 118.671 isAction: false MapWindowClient.tsx:30:22
[MAP CLIENT] message received — openMissionId: null elapsed: 118.777 isAction: false MapWindowClient.tsx:30:22
[MAP CLIENT] message received — openMissionId: null elapsed: 118.878 isAction: false MapWindowClient.tsx:30:22
[MAP CLIENT] message received — openMissionId: null elapsed: 118.983 isAction: false MapWindowClient.tsx:30:22
[MAP CLIENT] message received — openMissionId: null elapsed: 119.089 isAction: false MapWindowClient.tsx:30:22
[MAP CLIENT] message received — openMissionId: null elapsed: 119.195 isAction: false MapWindowClient.tsx:30:22
[MAP CLIENT] message received — openMissionId: null elapsed: 119.295 isAction: false MapWindowClient.tsx:30:22
[MAP CLIENT] message received — openMissionId: null elapsed: 119.401 isAction: false MapWindowClient.tsx:30:22
[MAP CLIENT] message received — openMissionId: null elapsed: 119.501 isAction: false MapWindowClient.tsx:30:22
[MAP CLIENT] message received — openMissionId: null elapsed: 119.606 isAction: false MapWindowClient.tsx:30:22
[MAP CLIENT] message received — openMissionId: null elapsed: 119.707 isAction: false MapWindowClient.tsx:30:22
[MAP CLIENT] message received — openMissionId: null elapsed: 119.813 isAction: false MapWindowClient.tsx:30:22
[MAP CLIENT] message received — openMissionId: null elapsed: 119.919 isAction: false MapWindowClient.tsx:30:22
[MAP CLIENT] message received — openMissionId: null elapsed: 120.019 isAction: false MapWindowClient.tsx:30:22
[MAP CLIENT] message received — openMissionId: null elapsed: 120.124 isAction: false MapWindowClient.tsx:30:22
[MAP CLIENT] message received — openMissionId: null elapsed: 120.225 isAction: false MapWindowClient.tsx:30:22
[MAP CLIENT] message received — openMissionId: null elapsed: 120.325 isAction: false MapWindowClient.tsx:30:22
[MAP CLIENT] message received — openMissionId: null elapsed: 120.431 isAction: false MapWindowClient.tsx:30:22
[MAP CLIENT] message received — openMissionId: null elapsed: 120.536 isAction: false MapWindowClient.tsx:30:22
[MAP CLIENT] message received — openMissionId: null elapsed: 120.642 isAction: false MapWindowClient.tsx:30:22
[MAP CLIENT] message received — openMissionId: null elapsed: 120.742 isAction: false MapWindowClient.tsx:30:22
[MAP CLIENT] message received — openMissionId: null elapsed: 120.848 isAction: false MapWindowClient.tsx:30:22
[MAP CLIENT] message received — openMissionId: null elapsed: 120.954 isAction: false MapWindowClient.tsx:30:22
[MAP CLIENT] message received — openMissionId: null elapsed: 121.059 isAction: false MapWindowClient.tsx:30:22
[MAP CLIENT] message received — openMissionId: null elapsed: 121.16 isAction: false MapWindowClient.tsx:30:22
[MAP CLIENT] message received — openMissionId: null elapsed: 121.26 isAction: false MapWindowClient.tsx:30:22
[MAP CLIENT] message received — openMissionId: null elapsed: 121.365 isAction: false MapWindowClient.tsx:30:22
[MAP CLIENT] message received — openMissionId: null elapsed: 121.466 isAction: false MapWindowClient.tsx:30:22
[MAP CLIENT] message received — openMissionId: null elapsed: 121.571 isAction: false MapWindowClient.tsx:30:22
[MAP CLIENT] message received — openMissionId: null elapsed: 121.672 isAction: false MapWindowClient.tsx:30:22
[MAP CLIENT] message received — openMissionId: null elapsed: 121.777 isAction: false MapWindowClient.tsx:30:22
[MAP CLIENT] message received — openMissionId: null elapsed: 121.884 isAction: false MapWindowClient.tsx:30:22
[MAP CLIENT] message received — openMissionId: null elapsed: 121.989 isAction: false MapWindowClient.tsx:30:22
[MAP CLIENT] message received — openMissionId: null elapsed: 122.095 isAction: false MapWindowClient.tsx:30:22
[MAP CLIENT] message received — openMissionId: null elapsed: 122.201 isAction: false MapWindowClient.tsx:30:22
[MAP CLIENT] message received — openMissionId: null elapsed: 122.301 isAction: false MapWindowClient.tsx:30:22
[MAP CLIENT] message received — openMissionId: null elapsed: 122.406 isAction: false MapWindowClient.tsx:30:22
[MAP CLIENT] message received — openMissionId: null elapsed: 122.507 isAction: false MapWindowClient.tsx:30:22
[MAP CLIENT] message received — openMissionId: null elapsed: 122.613 isAction: false MapWindowClient.tsx:30:22
[MAP CLIENT] message received — openMissionId: null elapsed: 122.718 isAction: false MapWindowClient.tsx:30:22
[MAP CLIENT] message received — openMissionId: null elapsed: 122.825 isAction: false MapWindowClient.tsx:30:22
[MAP CLIENT] message received — openMissionId: null elapsed: 122.93 isAction: false MapWindowClient.tsx:30:22
[MAP CLIENT] message received — openMissionId: null elapsed: 123.036 isAction: false MapWindowClient.tsx:30:22
[MAP CLIENT] message received — openMissionId: null elapsed: 123.142 isAction: false MapWindowClient.tsx:30:22
[MAP CLIENT] message received — openMissionId: null elapsed: 123.242 isAction: false MapWindowClient.tsx:30:22
[MAP CLIENT] message received — openMissionId: null elapsed: 123.347 isAction: false MapWindowClient.tsx:30:22
[MAP CLIENT] message received — openMissionId: null elapsed: 123.448 isAction: false MapWindowClient.tsx:30:22
[MAP CLIENT] message received — openMissionId: null elapsed: 123.548 isAction: false MapWindowClient.tsx:30:22
[MAP CLIENT] message received — openMissionId: null elapsed: 123.654 isAction: false MapWindowClient.tsx:30:22
[MAP CLIENT] message received — openMissionId: null elapsed: 123.754 isAction: false MapWindowClient.tsx:30:22
[MAP CLIENT] message received — openMissionId: null elapsed: 123.859 isAction: false MapWindowClient.tsx:30:22
[MAP CLIENT] message received — openMissionId: null elapsed: 123.96 isAction: false MapWindowClient.tsx:30:22
[MAP CLIENT] message received — openMissionId: null elapsed: 124.06 isAction: false MapWindowClient.tsx:30:22
[MAP CLIENT] message received — openMissionId: null elapsed: 124.165 isAction: false MapWindowClient.tsx:30:22
[MAP CLIENT] message received — openMissionId: null elapsed: 124.271 isAction: false MapWindowClient.tsx:30:22
[MAP CLIENT] message received — openMissionId: null elapsed: 124.372 isAction: false MapWindowClient.tsx:30:22
[MAP CLIENT] message received — openMissionId: null elapsed: 124.477 isAction: false MapWindowClient.tsx:30:22
[MAP CLIENT] message received — openMissionId: null elapsed: 124.578 isAction: false MapWindowClient.tsx:30:22
[MAP CLIENT] message received — openMissionId: null elapsed: 124.683 isAction: false MapWindowClient.tsx:30:22
[MAP CLIENT] message received — openMissionId: null elapsed: 124.789 isAction: false MapWindowClient.tsx:30:22
[MAP CLIENT] message received — openMissionId: null elapsed: 124.895 isAction: false MapWindowClient.tsx:30:22
[MAP CLIENT] message received — openMissionId: null elapsed: 124.995 isAction: false MapWindowClient.tsx:30:22
[MAP CLIENT] message received — openMissionId: null elapsed: 125.101 isAction: false MapWindowClient.tsx:30:22
[MAP CLIENT] message received — openMissionId: null elapsed: 125.207 isAction: false MapWindowClient.tsx:30:22
[MAP CLIENT] message received — openMissionId: null elapsed: 125.313 isAction: false MapWindowClient.tsx:30:22
[MAP CLIENT] message received — openMissionId: null elapsed: 125.419 isAction: false MapWindowClient.tsx:30:22
[MAP CLIENT] message received — openMissionId: null elapsed: 125.519 isAction: false MapWindowClient.tsx:30:22
[MAP CLIENT] message received — openMissionId: null elapsed: 125.625 isAction: false MapWindowClient.tsx:30:22
[MAP CLIENT] message received — openMissionId: null elapsed: 125.73 isAction: false MapWindowClient.tsx:30:22
[MAP CLIENT] message received — openMissionId: null elapsed: 125.836 isAction: false MapWindowClient.tsx:30:22
[MAP CLIENT] message received — openMissionId: null elapsed: 125.936 isAction: false MapWindowClient.tsx:30:22
[MAP CLIENT] message received — openMissionId: null elapsed: 126.042 isAction: false MapWindowClient.tsx:30:22
[MAP CLIENT] message received — openMissionId: null elapsed: 126.147 isAction: false MapWindowClient.tsx:30:22
[MAP CLIENT] message received — openMissionId: null elapsed: 126.248 isAction: false MapWindowClient.tsx:30:22
[MAP CLIENT] message received — openMissionId: null elapsed: 126.354 isAction: false MapWindowClient.tsx:30:22
[MAP CLIENT] message received — openMissionId: null elapsed: 126.459 isAction: false MapWindowClient.tsx:30:22
[MAP CLIENT] message received — openMissionId: null elapsed: 126.56 isAction: false MapWindowClient.tsx:30:22
[MAP CLIENT] message received — openMissionId: null elapsed: 126.665 isAction: false MapWindowClient.tsx:30:22
[MAP CLIENT] message received — openMissionId: null elapsed: 126.766 isAction: false MapWindowClient.tsx:30:22
[MAP CLIENT] message received — openMissionId: null elapsed: 126.872 isAction: false MapWindowClient.tsx:30:22
[MAP CLIENT] message received — openMissionId: null elapsed: 126.977 isAction: false MapWindowClient.tsx:30:22
[MAP CLIENT] message received — openMissionId: null elapsed: 127.078 isAction: false MapWindowClient.tsx:30:22
[MAP CLIENT] message received — openMissionId: null elapsed: 127.183 isAction: false MapWindowClient.tsx:30:22
[MAP CLIENT] message received — openMissionId: null elapsed: 127.288 isAction: false MapWindowClient.tsx:30:22
[MAP CLIENT] message received — openMissionId: null elapsed: 127.389 isAction: false MapWindowClient.tsx:30:22
[MAP CLIENT] message received — openMissionId: null elapsed: 127.489 isAction: false MapWindowClient.tsx:30:22
[MAP CLIENT] message received — openMissionId: null elapsed: 127.595 isAction: false MapWindowClient.tsx:30:22
[MAP CLIENT] message received — openMissionId: null elapsed: 127.701 isAction: false MapWindowClient.tsx:30:22
[MAP CLIENT] message received — openMissionId: null elapsed: 127.801 isAction: false MapWindowClient.tsx:30:22
[MAP CLIENT] message received — openMissionId: null elapsed: 127.907 isAction: false MapWindowClient.tsx:30:22
[MAP CLIENT] message received — openMissionId: null elapsed: 128.007 isAction: false MapWindowClient.tsx:30:22
[MAP CLIENT] message received — openMissionId: null elapsed: 128.113 isAction: false MapWindowClient.tsx:30:22
[MAP CLIENT] message received — openMissionId: null elapsed: 128.218 isAction: false MapWindowClient.tsx:30:22
[MAP CLIENT] message received — openMissionId: null elapsed: 128.319 isAction: false MapWindowClient.tsx:30:22
[MAP CLIENT] message received — openMissionId: null elapsed: 128.419 isAction: false MapWindowClient.tsx:30:22
[MAP CLIENT] message received — openMissionId: null elapsed: 128.524 isAction: false MapWindowClient.tsx:30:22
[MAP CLIENT] message received — openMissionId: null elapsed: 128.631 isAction: false MapWindowClient.tsx:30:22
[MAP CLIENT] message received — openMissionId: null elapsed: 128.737 isAction: false MapWindowClient.tsx:30:22
[MAP CLIENT] message received — openMissionId: null elapsed: 128.842 isAction: false MapWindowClient.tsx:30:22
[MAP CLIENT] message received — openMissionId: null elapsed: 128.948 isAction: false MapWindowClient.tsx:30:22
[MAP CLIENT] message received — openMissionId: null elapsed: 129.054 isAction: false MapWindowClient.tsx:30:22
[MAP CLIENT] message received — openMissionId: null elapsed: 129.16 isAction: false MapWindowClient.tsx:30:22
[MAP CLIENT] message received — openMissionId: null elapsed: 129.265 isAction: false MapWindowClient.tsx:30:22
[MAP CLIENT] message received — openMissionId: null elapsed: 129.365 isAction: false MapWindowClient.tsx:30:22
[MAP CLIENT] message received — openMissionId: null elapsed: 129.466 isAction: false MapWindowClient.tsx:30:22
[MAP CLIENT] message received — openMissionId: null elapsed: 129.571 isAction: false MapWindowClient.tsx:30:22
[MAP CLIENT] message received — openMissionId: null elapsed: 129.672 isAction: false MapWindowClient.tsx:30:22
[MAP CLIENT] message received — openMissionId: null elapsed: 129.778 isAction: false MapWindowClient.tsx:30:22
[MAP CLIENT] message received — openMissionId: null elapsed: 129.883 isAction: false MapWindowClient.tsx:30:22
[MAP CLIENT] message received — openMissionId: null elapsed: 129.989 isAction: false MapWindowClient.tsx:30:22
[MAP CLIENT] message received — openMissionId: null elapsed: 130.095 isAction: false MapWindowClient.tsx:30:22
[MAP CLIENT] message received — openMissionId: null elapsed: 130.201 isAction: false MapWindowClient.tsx:30:22
[MAP CLIENT] message received — openMissionId: null elapsed: 130.306 isAction: false MapWindowClient.tsx:30:22
[MAP CLIENT] message received — openMissionId: null elapsed: 130.412 isAction: false MapWindowClient.tsx:30:22
[MAP CLIENT] message received — openMissionId: null elapsed: 130.519 isAction: false MapWindowClient.tsx:30:22
[MAP CLIENT] message received — openMissionId: null elapsed: 130.624 isAction: false MapWindowClient.tsx:30:22
[MAP CLIENT] message received — openMissionId: null elapsed: 130.731 isAction: false MapWindowClient.tsx:30:22
[MAP CLIENT] message received — openMissionId: null elapsed: 130.836 isAction: false MapWindowClient.tsx:30:22
[MAP CLIENT] message received — openMissionId: null elapsed: 130.942 isAction: false MapWindowClient.tsx:30:22
[MAP CLIENT] message received — openMissionId: null elapsed: 131.048 isAction: false MapWindowClient.tsx:30:22
[MAP CLIENT] message received — openMissionId: null elapsed: 131.154 isAction: false MapWindowClient.tsx:30:22
[MAP CLIENT] message received — openMissionId: null elapsed: 131.26 isAction: false MapWindowClient.tsx:30:22
[MAP CLIENT] message received — openMissionId: null elapsed: 131.36 isAction: false MapWindowClient.tsx:30:22
[MAP CLIENT] message received — openMissionId: null elapsed: 131.465 isAction: false MapWindowClient.tsx:30:22
[MAP CLIENT] message received — openMissionId: null elapsed: 131.566 isAction: false MapWindowClient.tsx:30:22
[MAP CLIENT] message received — openMissionId: null elapsed: 131.671 isAction: false MapWindowClient.tsx:30:22
[MAP CLIENT] message received — openMissionId: null elapsed: 131.772 isAction: false MapWindowClient.tsx:30:22
[MAP CLIENT] message received — openMissionId: null elapsed: 131.878 isAction: false MapWindowClient.tsx:30:22
[MAP CLIENT] message received — openMissionId: null elapsed: 131.983 isAction: false MapWindowClient.tsx:30:22
[MAP CLIENT] message received — openMissionId: null elapsed: 132.084 isAction: false MapWindowClient.tsx:30:22
[MAP CLIENT] message received — openMissionId: null elapsed: 132.189 isAction: false MapWindowClient.tsx:30:22
[MAP CLIENT] message received — openMissionId: null elapsed: 132.295 isAction: false MapWindowClient.tsx:30:22
[MAP CLIENT] message received — openMissionId: null elapsed: 132.395 isAction: false MapWindowClient.tsx:30:22
[MAP CLIENT] message received — openMissionId: null elapsed: 132.501 isAction: false MapWindowClient.tsx:30:22
[MAP CLIENT] message received — openMissionId: null elapsed: 132.607 isAction: false MapWindowClient.tsx:30:22
[MAP CLIENT] message received — openMissionId: null elapsed: 132.708 isAction: false MapWindowClient.tsx:30:22
[MAP CLIENT] message received — openMissionId: null elapsed: 132.812 isAction: false MapWindowClient.tsx:30:22
[MAP CLIENT] message received — openMissionId: null elapsed: 132.913 isAction: false MapWindowClient.tsx:30:22
[MAP CLIENT] message received — openMissionId: null elapsed: 133.018 isAction: false MapWindowClient.tsx:30:22
[MAP CLIENT] message received — openMissionId: null elapsed: 133.125 isAction: false MapWindowClient.tsx:30:22
[MAP CLIENT] message received — openMissionId: null elapsed: 133.231 isAction: false MapWindowClient.tsx:30:22
[MAP CLIENT] message received — openMissionId: null elapsed: 133.336 isAction: false MapWindowClient.tsx:30:22
[MAP CLIENT] message received — openMissionId: null elapsed: 133.437 isAction: false MapWindowClient.tsx:30:22
[MAP CLIENT] message received — openMissionId: null elapsed: 133.541 isAction: false MapWindowClient.tsx:30:22
[MAP CLIENT] message received — openMissionId: null elapsed: 133.642 isAction: false MapWindowClient.tsx:30:22
[MAP CLIENT] message received — openMissionId: null elapsed: 133.747 isAction: false MapWindowClient.tsx:30:22
[MAP CLIENT] message received — openMissionId: null elapsed: 133.848 isAction: false MapWindowClient.tsx:30:22
[MAP CLIENT] message received — openMissionId: null elapsed: 133.954 isAction: false MapWindowClient.tsx:30:22
[MAP CLIENT] message received — openMissionId: null elapsed: 134.059 isAction: false MapWindowClient.tsx:30:22
[MAP CLIENT] message received — openMissionId: null elapsed: 134.16 isAction: false MapWindowClient.tsx:30:22
[MAP CLIENT] message received — openMissionId: null elapsed: 134.265 isAction: false MapWindowClient.tsx:30:22
[MAP CLIENT] message received — openMissionId: null elapsed: 134.366 isAction: false MapWindowClient.tsx:30:22
[MAP CLIENT] message received — openMissionId: null elapsed: 134.471 isAction: false MapWindowClient.tsx:30:22
[MAP CLIENT] message received — openMissionId: null elapsed: 134.577 isAction: false MapWindowClient.tsx:30:22
[MAP CLIENT] message received — openMissionId: null elapsed: 134.684 isAction: false MapWindowClient.tsx:30:22
[MAP CLIENT] message received — openMissionId: null elapsed: 134.789 isAction: false MapWindowClient.tsx:30:22
[MAP CLIENT] message received — openMissionId: null elapsed: 134.889 isAction: false MapWindowClient.tsx:30:22
[MAP CLIENT] message received — openMissionId: null elapsed: 134.995 isAction: false MapWindowClient.tsx:30:22
[MAP CLIENT] message received — openMissionId: null elapsed: 135.101 isAction: false MapWindowClient.tsx:30:22
[MAP CLIENT] message received — openMissionId: null elapsed: 135.206 isAction: false MapWindowClient.tsx:30:22
[MAP CLIENT] message received — openMissionId: null elapsed: 135.307 isAction: false MapWindowClient.tsx:30:22
[MAP CLIENT] message received — openMissionId: null elapsed: 135.407 isAction: false MapWindowClient.tsx:30:22
[MAP CLIENT] message received — openMissionId: null elapsed: 135.512 isAction: false MapWindowClient.tsx:30:22
[MAP CLIENT] message received — openMissionId: null elapsed: 135.613 isAction: false MapWindowClient.tsx:30:22
[MAP CLIENT] message received — openMissionId: null elapsed: 135.718 isAction: false MapWindowClient.tsx:30:22
[MAP CLIENT] message received — openMissionId: null elapsed: 135.819 isAction: false MapWindowClient.tsx:30:22
[MAP CLIENT] message received — openMissionId: null elapsed: 135.919 isAction: false MapWindowClient.tsx:30:22
[MAP CLIENT] message received — openMissionId: null elapsed: 136.024 isAction: false MapWindowClient.tsx:30:22
[MAP CLIENT] message received — openMissionId: null elapsed: 136.13 isAction: false MapWindowClient.tsx:30:22
[MAP CLIENT] message received — openMissionId: null elapsed: 136.236 isAction: false MapWindowClient.tsx:30:22
[MAP CLIENT] message received — openMissionId: null elapsed: 136.336 isAction: false MapWindowClient.tsx:30:22
[MAP CLIENT] message received — openMissionId: null elapsed: 136.442 isAction: false MapWindowClient.tsx:30:22
[MAP CLIENT] message received — openMissionId: null elapsed: 136.548 isAction: false MapWindowClient.tsx:30:22
[MAP CLIENT] message received — openMissionId: null elapsed: 136.654 isAction: false MapWindowClient.tsx:30:22
[MAP CLIENT] message received — openMissionId: null elapsed: 136.76 isAction: false MapWindowClient.tsx:30:22
[MAP CLIENT] message received — openMissionId: null elapsed: 136.865 isAction: false MapWindowClient.tsx:30:22
[MAP CLIENT] message received — openMissionId: null elapsed: 136.966 isAction: false MapWindowClient.tsx:30:22
[MAP CLIENT] message received — openMissionId: null elapsed: 137.071 isAction: false MapWindowClient.tsx:30:22
[MAP CLIENT] message received — openMissionId: null elapsed: 137.177 isAction: false MapWindowClient.tsx:30:22
[MAP CLIENT] message received — openMissionId: null elapsed: 137.283 isAction: false MapWindowClient.tsx:30:22
[MAP CLIENT] message received — openMissionId: null elapsed: 137.383 isAction: false MapWindowClient.tsx:30:22
[MAP CLIENT] message received — openMissionId: null elapsed: 137.489 isAction: false MapWindowClient.tsx:30:22
[MAP CLIENT] message received — openMissionId: null elapsed: 137.595 isAction: false MapWindowClient.tsx:30:22
[MAP CLIENT] message received — openMissionId: null elapsed: 137.701 isAction: false MapWindowClient.tsx:30:22
[MAP CLIENT] message received — openMissionId: null elapsed: 137.806 isAction: false MapWindowClient.tsx:30:22
[MAP CLIENT] message received — openMissionId: null elapsed: 137.913 isAction: false MapWindowClient.tsx:30:22
[MAP CLIENT] message received — openMissionId: null elapsed: 138.018 isAction: false MapWindowClient.tsx:30:22
[MAP CLIENT] message received — openMissionId: null elapsed: 138.124 isAction: false MapWindowClient.tsx:30:22
[MAP CLIENT] message received — openMissionId: null elapsed: 138.23 isAction: false MapWindowClient.tsx:30:22
[MAP CLIENT] message received — openMissionId: null elapsed: 138.33 isAction: false MapWindowClient.tsx:30:22
[MAP CLIENT] message received — openMissionId: null elapsed: 138.436 isAction: false MapWindowClient.tsx:30:22
[MAP CLIENT] message received — openMissionId: null elapsed: 138.541 isAction: false MapWindowClient.tsx:30:22
[MAP CLIENT] message received — openMissionId: null elapsed: 138.642 isAction: false MapWindowClient.tsx:30:22
[MAP CLIENT] message received — openMissionId: null elapsed: 138.748 isAction: false MapWindowClient.tsx:30:22
[MAP CLIENT] message received — openMissionId: null elapsed: 138.853 isAction: false MapWindowClient.tsx:30:22
[MAP CLIENT] message received — openMissionId: null elapsed: 138.959 isAction: false MapWindowClient.tsx:30:22
[MAP CLIENT] message received — openMissionId: null elapsed: 139.06 isAction: false MapWindowClient.tsx:30:22
[MAP CLIENT] message received — openMissionId: null elapsed: 139.166 isAction: false MapWindowClient.tsx:30:22
[MAP CLIENT] message received — openMissionId: null elapsed: 139.272 isAction: false MapWindowClient.tsx:30:22
[MAP CLIENT] message received — openMissionId: null elapsed: 139.372 isAction: false MapWindowClient.tsx:30:22
[MAP CLIENT] message received — openMissionId: null elapsed: 139.477 isAction: false MapWindowClient.tsx:30:22
[MAP CLIENT] message received — openMissionId: null elapsed: 139.583 isAction: false MapWindowClient.tsx:30:22
[MAP CLIENT] message received — openMissionId: null elapsed: 139.689 isAction: false MapWindowClient.tsx:30:22
[MAP CLIENT] message received — openMissionId: null elapsed: 139.795 isAction: false MapWindowClient.tsx:30:22
[MAP CLIENT] message received — openMissionId: null elapsed: 139.895 isAction: false MapWindowClient.tsx:30:22
[MAP CLIENT] message received — openMissionId: null elapsed: 140.001 isAction: false MapWindowClient.tsx:30:22
[MAP CLIENT] message received — openMissionId: null elapsed: 140.106 isAction: false MapWindowClient.tsx:30:22
[MAP CLIENT] message received — openMissionId: null elapsed: 140.207 isAction: false MapWindowClient.tsx:30:22
[MAP CLIENT] message received — openMissionId: null elapsed: 140.312 isAction: false MapWindowClient.tsx:30:22
[MAP CLIENT] message received — openMissionId: null elapsed: 140.413 isAction: false MapWindowClient.tsx:30:22
[MAP CLIENT] message received — openMissionId: null elapsed: 140.518 isAction: false MapWindowClient.tsx:30:22
[MAP CLIENT] message received — openMissionId: null elapsed: 140.624 isAction: false MapWindowClient.tsx:30:22
[MAP CLIENT] message received — openMissionId: null elapsed: 140.73 isAction: false MapWindowClient.tsx:30:22
[MAP CLIENT] message received — openMissionId: null elapsed: 140.83 isAction: false MapWindowClient.tsx:30:22
[MAP CLIENT] message received — openMissionId: null elapsed: 140.936 isAction: false MapWindowClient.tsx:30:22
[MAP CLIENT] message received — openMissionId: null elapsed: 141.042 isAction: false MapWindowClient.tsx:30:22
[MAP CLIENT] message received — openMissionId: null elapsed: 141.147 isAction: false MapWindowClient.tsx:30:22
[MAP CLIENT] message received — openMissionId: null elapsed: 141.248 isAction: false MapWindowClient.tsx:30:22
[MAP CLIENT] message received — openMissionId: null elapsed: 141.348 isAction: false MapWindowClient.tsx:30:22
[MAP CLIENT] message received — openMissionId: null elapsed: 141.453 isAction: false MapWindowClient.tsx:30:22
[MAP CLIENT] message received — openMissionId: null elapsed: 141.554 isAction: false MapWindowClient.tsx:30:22
[MAP CLIENT] message received — openMissionId: null elapsed: 141.659 isAction: false MapWindowClient.tsx:30:22
[MAP CLIENT] message received — openMissionId: null elapsed: 141.76 isAction: false MapWindowClient.tsx:30:22
[MAP CLIENT] message received — openMissionId: null elapsed: 141.86 isAction: false MapWindowClient.tsx:30:22
[MAP CLIENT] message received — openMissionId: null elapsed: 141.965 isAction: false MapWindowClient.tsx:30:22
[MAP CLIENT] message received — openMissionId: null elapsed: 142.071 isAction: false MapWindowClient.tsx:30:22
[MAP CLIENT] message received — openMissionId: null elapsed: 142.177 isAction: false MapWindowClient.tsx:30:22
[MAP CLIENT] message received — openMissionId: null elapsed: 142.283 isAction: false MapWindowClient.tsx:30:22
[MAP CLIENT] message received — openMissionId: null elapsed: 142.384 isAction: false MapWindowClient.tsx:30:22
[MAP CLIENT] message received — openMissionId: null elapsed: 142.489 isAction: false MapWindowClient.tsx:30:22
[MAP CLIENT] message received — openMissionId: null elapsed: 142.595 isAction: false MapWindowClient.tsx:30:22
[MAP CLIENT] message received — openMissionId: null elapsed: 142.701 isAction: false MapWindowClient.tsx:30:22
[MAP CLIENT] message received — openMissionId: null elapsed: 142.806 isAction: false MapWindowClient.tsx:30:22
[MAP CLIENT] message received — openMissionId: null elapsed: 142.907 isAction: false MapWindowClient.tsx:30:22
[MAP CLIENT] message received — openMissionId: null elapsed: 143.012 isAction: false MapWindowClient.tsx:30:22
[MAP CLIENT] message received — openMissionId: null elapsed: 143.119 isAction: false MapWindowClient.tsx:30:22
[MAP CLIENT] message received — openMissionId: null elapsed: 143.224 isAction: false MapWindowClient.tsx:30:22
[MAP CLIENT] message received — openMissionId: null elapsed: 143.324 isAction: false MapWindowClient.tsx:30:22
[MAP CLIENT] message received — openMissionId: null elapsed: 143.43 isAction: false MapWindowClient.tsx:30:22
[MAP CLIENT] message received — openMissionId: null elapsed: 143.536 isAction: false MapWindowClient.tsx:30:22
[MAP CLIENT] message received — openMissionId: null elapsed: 143.642 isAction: false MapWindowClient.tsx:30:22
[MAP CLIENT] message received — openMissionId: null elapsed: 143.747 isAction: false MapWindowClient.tsx:30:22
[MAP CLIENT] message received — openMissionId: null elapsed: 143.848 isAction: false MapWindowClient.tsx:30:22
[MAP CLIENT] message received — openMissionId: null elapsed: 143.954 isAction: false MapWindowClient.tsx:30:22
[MAP CLIENT] message received — openMissionId: null elapsed: 144.06 isAction: false MapWindowClient.tsx:30:22
[MAP CLIENT] message received — openMissionId: null elapsed: 144.166 isAction: false MapWindowClient.tsx:30:22
[MAP CLIENT] message received — openMissionId: null elapsed: 144.272 isAction: false MapWindowClient.tsx:30:22
[MAP CLIENT] message received — openMissionId: null elapsed: 144.377 isAction: false MapWindowClient.tsx:30:22
[MAP CLIENT] message received — openMissionId: null elapsed: 144.482 isAction: false MapWindowClient.tsx:30:22
[MAP CLIENT] message received — openMissionId: null elapsed: 144.583 isAction: false MapWindowClient.tsx:30:22
[MAP CLIENT] message received — openMissionId: null elapsed: 144.689 isAction: false MapWindowClient.tsx:30:22
[MAP CLIENT] message received — openMissionId: null elapsed: 144.795 isAction: false MapWindowClient.tsx:30:22
[MAP CLIENT] message received — openMissionId: null elapsed: 144.895 isAction: false MapWindowClient.tsx:30:22
[MAP CLIENT] message received — openMissionId: null elapsed: 145.001 isAction: false MapWindowClient.tsx:30:22
[MAP CLIENT] message received — openMissionId: null elapsed: 145.106 isAction: false MapWindowClient.tsx:30:22
[MAP CLIENT] message received — openMissionId: null elapsed: 145.213 isAction: false MapWindowClient.tsx:30:22
[MAP CLIENT] message received — openMissionId: null elapsed: 145.318 isAction: false MapWindowClient.tsx:30:22
[MAP CLIENT] message received — openMissionId: null elapsed: 145.419 isAction: false MapWindowClient.tsx:30:22
[MAP CLIENT] message received — openMissionId: null elapsed: 145.524 isAction: false MapWindowClient.tsx:30:22
[MAP CLIENT] message received — openMissionId: null elapsed: 145.63 isAction: false MapWindowClient.tsx:30:22
[MAP CLIENT] message received — openMissionId: null elapsed: 145.735 isAction: false MapWindowClient.tsx:30:22
[MAP CLIENT] message received — openMissionId: null elapsed: 145.836 isAction: false MapWindowClient.tsx:30:22
[MAP CLIENT] message received — openMissionId: null elapsed: 145.942 isAction: false MapWindowClient.tsx:30:22
[MAP CLIENT] message received — openMissionId: null elapsed: 146.048 isAction: false MapWindowClient.tsx:30:22
[MAP CLIENT] message received — openMissionId: null elapsed: 146.154 isAction: false MapWindowClient.tsx:30:22
[MAP CLIENT] message received — openMissionId: null elapsed: 146.259 isAction: false MapWindowClient.tsx:30:22
[MAP CLIENT] message received — openMissionId: null elapsed: 146.36 isAction: false MapWindowClient.tsx:30:22
[MAP CLIENT] message received — openMissionId: null elapsed: 146.465 isAction: false MapWindowClient.tsx:30:22
[MAP CLIENT] message received — openMissionId: null elapsed: 146.566 isAction: false MapWindowClient.tsx:30:22
[MAP CLIENT] message received — openMissionId: null elapsed: 146.671 isAction: false MapWindowClient.tsx:30:22
[MAP CLIENT] message received — openMissionId: null elapsed: 146.777 isAction: false MapWindowClient.tsx:30:22
[MAP CLIENT] message received — openMissionId: null elapsed: 146.877 isAction: false MapWindowClient.tsx:30:22
[MAP CLIENT] message received — openMissionId: null elapsed: 146.983 isAction: false MapWindowClient.tsx:30:22
[MAP CLIENT] message received — openMissionId: null elapsed: 147.089 isAction: false MapWindowClient.tsx:30:22
[MAP CLIENT] message received — openMissionId: null elapsed: 147.195 isAction: false MapWindowClient.tsx:30:22
[MAP CLIENT] message received — openMissionId: null elapsed: 147.3 isAction: false MapWindowClient.tsx:30:22
[MAP CLIENT] message received — openMissionId: null elapsed: 147.401 isAction: false MapWindowClient.tsx:30:22
[MAP CLIENT] message received — openMissionId: null elapsed: 147.506 isAction: false MapWindowClient.tsx:30:22
[MAP CLIENT] message received — openMissionId: null elapsed: 147.612 isAction: false MapWindowClient.tsx:30:22
[MAP CLIENT] message received — openMissionId: null elapsed: 147.713 isAction: false MapWindowClient.tsx:30:22
[MAP CLIENT] message received — openMissionId: null elapsed: 147.818 isAction: false MapWindowClient.tsx:30:22
[MAP CLIENT] message received — openMissionId: null elapsed: 147.924 isAction: false MapWindowClient.tsx:30:22
[MAP CLIENT] message received — openMissionId: null elapsed: 148.03 isAction: false MapWindowClient.tsx:30:22
[MAP CLIENT] message received — openMissionId: null elapsed: 148.136 isAction: false MapWindowClient.tsx:30:22
[MAP CLIENT] message received — openMissionId: null elapsed: 148.242 isAction: false MapWindowClient.tsx:30:22
[MAP CLIENT] message received — openMissionId: null elapsed: 148.342 isAction: false MapWindowClient.tsx:30:22
[MAP CLIENT] message received — openMissionId: null elapsed: 148.448 isAction: false MapWindowClient.tsx:30:22
[MAP CLIENT] message received — openMissionId: null elapsed: 148.553 isAction: false MapWindowClient.tsx:30:22
[MAP CLIENT] message received — openMissionId: null elapsed: 148.654 isAction: false MapWindowClient.tsx:30:22
[MAP CLIENT] message received — openMissionId: null elapsed: 148.759 isAction: false MapWindowClient.tsx:30:22
[MAP CLIENT] message received — openMissionId: null elapsed: 148.859 isAction: false MapWindowClient.tsx:30:22
[MAP CLIENT] message received — openMissionId: null elapsed: 148.96 isAction: false MapWindowClient.tsx:30:22
[MAP CLIENT] message received — openMissionId: null elapsed: 149.065 isAction: false MapWindowClient.tsx:30:22
[MAP CLIENT] message received — openMissionId: null elapsed: 149.171 isAction: false MapWindowClient.tsx:30:22
[MAP CLIENT] message received — openMissionId: null elapsed: 149.277 isAction: false MapWindowClient.tsx:30:22
[MAP CLIENT] message received — openMissionId: null elapsed: 149.377 isAction: false MapWindowClient.tsx:30:22
[MAP CLIENT] message received — openMissionId: null elapsed: 149.483 isAction: false MapWindowClient.tsx:30:22
[MAP CLIENT] message received — openMissionId: null elapsed: 149.589 isAction: false MapWindowClient.tsx:30:22
[MAP CLIENT] message received — openMissionId: null elapsed: 149.695 isAction: false MapWindowClient.tsx:30:22
[MAP CLIENT] message received — openMissionId: null elapsed: 149.8 isAction: false MapWindowClient.tsx:30:22
[MAP CLIENT] message received — openMissionId: null elapsed: 149.906 isAction: false MapWindowClient.tsx:30:22
[MAP CLIENT] message received — openMissionId: null elapsed: 150.012 isAction: false MapWindowClient.tsx:30:22
[MAP CLIENT] message received — openMissionId: null elapsed: 150.113 isAction: false MapWindowClient.tsx:30:22
[MAP CLIENT] message received — openMissionId: null elapsed: 150.219 isAction: false MapWindowClient.tsx:30:22
[MAP CLIENT] message received — openMissionId: null elapsed: 150.324 isAction: false MapWindowClient.tsx:30:22
[MAP CLIENT] message received — openMissionId: null elapsed: 150.43 isAction: false MapWindowClient.tsx:30:22
[MAP CLIENT] message received — openMissionId: null elapsed: 150.535 isAction: false MapWindowClient.tsx:30:22
[MAP CLIENT] message received — openMissionId: null elapsed: 150.636 isAction: false MapWindowClient.tsx:30:22
[MAP CLIENT] message received — openMissionId: null elapsed: 150.742 isAction: false MapWindowClient.tsx:30:22
[MAP CLIENT] message received — openMissionId: null elapsed: 150.842 isAction: false MapWindowClient.tsx:30:22
[MAP CLIENT] message received — openMissionId: null elapsed: 150.947 isAction: false MapWindowClient.tsx:30:22
[MAP CLIENT] message received — openMissionId: null elapsed: 151.048 isAction: false MapWindowClient.tsx:30:22
[MAP CLIENT] message received — openMissionId: null elapsed: 151.154 isAction: false MapWindowClient.tsx:30:22
[MAP CLIENT] message received — openMissionId: null elapsed: 151.259 isAction: false MapWindowClient.tsx:30:22
[MAP CLIENT] message received — openMissionId: null elapsed: 151.36 isAction: false MapWindowClient.tsx:30:22
[MAP CLIENT] message received — openMissionId: null elapsed: 151.465 isAction: false MapWindowClient.tsx:30:22
[MAP CLIENT] message received — openMissionId: null elapsed: 151.572 isAction: false MapWindowClient.tsx:30:22
[MAP CLIENT] message received — openMissionId: null elapsed: 151.677 isAction: false MapWindowClient.tsx:30:22
[MAP CLIENT] message received — openMissionId: null elapsed: 151.783 isAction: false MapWindowClient.tsx:30:22
[MAP CLIENT] message received — openMissionId: null elapsed: 151.883 isAction: false MapWindowClient.tsx:30:22
[MAP CLIENT] message received — openMissionId: null elapsed: 151.989 isAction: false MapWindowClient.tsx:30:22
[MAP CLIENT] message received — openMissionId: null elapsed: 152.094 isAction: false MapWindowClient.tsx:30:22
[MAP CLIENT] message received — openMissionId: null elapsed: 152.2 isAction: false MapWindowClient.tsx:30:22
[MAP CLIENT] message received — openMissionId: null elapsed: 152.3 isAction: false MapWindowClient.tsx:30:22
[MAP CLIENT] message received — openMissionId: null elapsed: 152.406 isAction: false MapWindowClient.tsx:30:22
[MAP CLIENT] message received — openMissionId: null elapsed: 152.507 isAction: false MapWindowClient.tsx:30:22
[MAP CLIENT] message received — openMissionId: null elapsed: 152.612 isAction: false MapWindowClient.tsx:30:22
[MAP CLIENT] message received — openMissionId: null elapsed: 152.713 isAction: false MapWindowClient.tsx:30:22
[MAP CLIENT] message received — openMissionId: null elapsed: 152.818 isAction: false MapWindowClient.tsx:30:22
[MAP CLIENT] message received — openMissionId: null elapsed: 152.924 isAction: false MapWindowClient.tsx:30:22
[MAP CLIENT] message received — openMissionId: null elapsed: 153.025 isAction: false MapWindowClient.tsx:30:22
[MAP CLIENT] message received — openMissionId: null elapsed: 153.13 isAction: false MapWindowClient.tsx:30:22
[MAP CLIENT] message received — openMissionId: null elapsed: 153.235 isAction: false MapWindowClient.tsx:30:22
[MAP CLIENT] message received — openMissionId: null elapsed: 153.336 isAction: false MapWindowClient.tsx:30:22
[MAP CLIENT] message received — openMissionId: null elapsed: 153.442 isAction: false MapWindowClient.tsx:30:22
[MAP CLIENT] message received — openMissionId: null elapsed: 153.547 isAction: false MapWindowClient.tsx:30:22
[MAP CLIENT] message received — openMissionId: null elapsed: 153.654 isAction: false MapWindowClient.tsx:30:22
[MAP CLIENT] message received — openMissionId: null elapsed: 153.76 isAction: false MapWindowClient.tsx:30:22
[MAP CLIENT] message received — openMissionId: null elapsed: 153.86 isAction: false MapWindowClient.tsx:30:22
[MAP CLIENT] message received — openMissionId: null elapsed: 153.965 isAction: false MapWindowClient.tsx:30:22
[MAP CLIENT] message received — openMissionId: null elapsed: 154.071 isAction: false MapWindowClient.tsx:30:22
[MAP CLIENT] message received — openMissionId: null elapsed: 154.177 isAction: false MapWindowClient.tsx:30:22
[MAP CLIENT] message received — openMissionId: null elapsed: 154.283 isAction: false MapWindowClient.tsx:30:22
[MAP CLIENT] message received — openMissionId: null elapsed: 154.383 isAction: false MapWindowClient.tsx:30:22
[MAP CLIENT] message received — openMissionId: null elapsed: 154.488 isAction: false MapWindowClient.tsx:30:22
[MAP CLIENT] message received — openMissionId: null elapsed: 154.589 isAction: false MapWindowClient.tsx:30:22
[MAP CLIENT] message received — openMissionId: null elapsed: 154.695 isAction: false MapWindowClient.tsx:30:22
[MAP CLIENT] message received — openMissionId: null elapsed: 154.8 isAction: false MapWindowClient.tsx:30:22
[MAP CLIENT] message received — openMissionId: null elapsed: 154.901 isAction: false MapWindowClient.tsx:30:22
[MAP CLIENT] message received — openMissionId: null elapsed: 155.007 isAction: false MapWindowClient.tsx:30:22
[MAP CLIENT] message received — openMissionId: null elapsed: 155.112 isAction: false MapWindowClient.tsx:30:22
[MAP CLIENT] message received — openMissionId: null elapsed: 155.219 isAction: false MapWindowClient.tsx:30:22
[MAP CLIENT] message received — openMissionId: null elapsed: 155.324 isAction: false MapWindowClient.tsx:30:22
[MAP CLIENT] message received — openMissionId: null elapsed: 155.431 isAction: false MapWindowClient.tsx:30:22
[MAP CLIENT] message received — openMissionId: null elapsed: 155.536 isAction: false MapWindowClient.tsx:30:22
[MAP CLIENT] message received — openMissionId: null elapsed: 155.642 isAction: false MapWindowClient.tsx:30:22
[MAP CLIENT] message received — openMissionId: null elapsed: 155.747 isAction: false MapWindowClient.tsx:30:22
[MAP CLIENT] message received — openMissionId: null elapsed: 155.848 isAction: false MapWindowClient.tsx:30:22
[MAP CLIENT] message received — openMissionId: null elapsed: 155.953 isAction: false MapWindowClient.tsx:30:22
[MAP CLIENT] message received — openMissionId: null elapsed: 156.054 isAction: false MapWindowClient.tsx:30:22
[MAP CLIENT] message received — openMissionId: null elapsed: 156.159 isAction: false MapWindowClient.tsx:30:22
[MAP CLIENT] message received — openMissionId: null elapsed: 156.26 isAction: false MapWindowClient.tsx:30:22
[MAP CLIENT] message received — openMissionId: null elapsed: 156.365 isAction: false MapWindowClient.tsx:30:22
[MAP CLIENT] message received — openMissionId: null elapsed: 156.471 isAction: false MapWindowClient.tsx:30:22
[MAP CLIENT] message received — openMissionId: null elapsed: 156.577 isAction: false MapWindowClient.tsx:30:22
[MAP CLIENT] message received — openMissionId: null elapsed: 156.683 isAction: false MapWindowClient.tsx:30:22
[MAP CLIENT] message received — openMissionId: null elapsed: 156.788 isAction: false MapWindowClient.tsx:30:22
[MAP CLIENT] message received — openMissionId: null elapsed: 156.895 isAction: false MapWindowClient.tsx:30:22
[MAP CLIENT] message received — openMissionId: null elapsed: 157.001 isAction: false MapWindowClient.tsx:30:22
[MAP CLIENT] message received — openMissionId: null elapsed: 157.107 isAction: false MapWindowClient.tsx:30:22
[MAP CLIENT] message received — openMissionId: null elapsed: 157.212 isAction: false MapWindowClient.tsx:30:22
[MAP CLIENT] message received — openMissionId: null elapsed: 157.312 isAction: false MapWindowClient.tsx:30:22
[MAP CLIENT] message received — openMissionId: null elapsed: 157.418 isAction: false MapWindowClient.tsx:30:22
[MAP CLIENT] message received — openMissionId: null elapsed: 157.524 isAction: false MapWindowClient.tsx:30:22
[MAP CLIENT] message received — openMissionId: null elapsed: 157.63 isAction: false MapWindowClient.tsx:30:22
[MAP CLIENT] message received — openMissionId: null elapsed: 157.735 isAction: false MapWindowClient.tsx:30:22
[MAP CLIENT] message received — openMissionId: null elapsed: 157.836 isAction: false MapWindowClient.tsx:30:22
[MAP CLIENT] message received — openMissionId: null elapsed: 157.942 isAction: false MapWindowClient.tsx:30:22
[MAP CLIENT] message received — openMissionId: null elapsed: 158.048 isAction: false MapWindowClient.tsx:30:22
[MAP CLIENT] message received — openMissionId: null elapsed: 158.154 isAction: false MapWindowClient.tsx:30:22
[MAP CLIENT] message received — openMissionId: null elapsed: 158.259 isAction: false MapWindowClient.tsx:30:22
[MAP CLIENT] message received — openMissionId: null elapsed: 158.359 isAction: false MapWindowClient.tsx:30:22
[MAP CLIENT] message received — openMissionId: null elapsed: 158.465 isAction: false MapWindowClient.tsx:30:22
[MAP CLIENT] message received — openMissionId: null elapsed: 158.566 isAction: false MapWindowClient.tsx:30:22
[MAP CLIENT] message received — openMissionId: null elapsed: 158.672 isAction: false MapWindowClient.tsx:30:22
[MAP CLIENT] message received — openMissionId: null elapsed: 158.777 isAction: false MapWindowClient.tsx:30:22
[MAP CLIENT] message received — openMissionId: null elapsed: 158.877 isAction: false MapWindowClient.tsx:30:22
[MAP CLIENT] message received — openMissionId: null elapsed: 158.983 isAction: false MapWindowClient.tsx:30:22
[MAP CLIENT] message received — openMissionId: null elapsed: 159.089 isAction: false MapWindowClient.tsx:30:22
[MAP CLIENT] message received — openMissionId: null elapsed: 159.195 isAction: false MapWindowClient.tsx:30:22
[MAP CLIENT] message received — openMissionId: null elapsed: 159.301 isAction: false MapWindowClient.tsx:30:22
[MAP CLIENT] message received — openMissionId: null elapsed: 159.406 isAction: false MapWindowClient.tsx:30:22
[MAP CLIENT] message received — openMissionId: null elapsed: 159.507 isAction: false MapWindowClient.tsx:30:22
[MAP CLIENT] message received — openMissionId: null elapsed: 159.613 isAction: false MapWindowClient.tsx:30:22
[MAP CLIENT] message received — openMissionId: null elapsed: 159.718 isAction: false MapWindowClient.tsx:30:22
[MAP CLIENT] message received — openMissionId: null elapsed: 159.818 isAction: false MapWindowClient.tsx:30:22
[MAP CLIENT] message received — openMissionId: null elapsed: 159.924 isAction: false MapWindowClient.tsx:30:22
[MAP CLIENT] message received — openMissionId: null elapsed: 160.03 isAction: false MapWindowClient.tsx:30:22
[MAP CLIENT] message received — openMissionId: null elapsed: 160.135 isAction: false MapWindowClient.tsx:30:22
[MAP CLIENT] message received — openMissionId: null elapsed: 160.236 isAction: false MapWindowClient.tsx:30:22
[MAP CLIENT] message received — openMissionId: null elapsed: 160.342 isAction: false MapWindowClient.tsx:30:22
[MAP CLIENT] message received — openMissionId: null elapsed: 160.448 isAction: false MapWindowClient.tsx:30:22
[MAP CLIENT] message received — openMissionId: null elapsed: 160.553 isAction: false MapWindowClient.tsx:30:22
[MAP CLIENT] message received — openMissionId: null elapsed: 160.659 isAction: false MapWindowClient.tsx:30:22
[MAP CLIENT] message received — openMissionId: null elapsed: 160.76 isAction: false MapWindowClient.tsx:30:22
[MAP CLIENT] message received — openMissionId: null elapsed: 160.86 isAction: false MapWindowClient.tsx:30:22
[MAP CLIENT] message received — openMissionId: null elapsed: 160.966 isAction: false MapWindowClient.tsx:30:22
[MAP CLIENT] message received — openMissionId: null elapsed: 161.071 isAction: false MapWindowClient.tsx:30:22
[MAP CLIENT] message received — openMissionId: null elapsed: 161.177 isAction: false MapWindowClient.tsx:30:22
[MAP CLIENT] message received — openMissionId: null elapsed: 161.283 isAction: false MapWindowClient.tsx:30:22
[MAP CLIENT] message received — openMissionId: null elapsed: 161.383 isAction: false MapWindowClient.tsx:30:22
[MAP CLIENT] message received — openMissionId: null elapsed: 161.489 isAction: false MapWindowClient.tsx:30:22
[MAP CLIENT] message received — openMissionId: null elapsed: 161.595 isAction: false MapWindowClient.tsx:30:22
[MAP CLIENT] message received — openMissionId: null elapsed: 161.7 isAction: false MapWindowClient.tsx:30:22
[MAP CLIENT] message received — openMissionId: null elapsed: 161.8 isAction: false MapWindowClient.tsx:30:22
[MAP CLIENT] message received — openMissionId: null elapsed: 161.906 isAction: false MapWindowClient.tsx:30:22
[MAP CLIENT] message received — openMissionId: null elapsed: 162.007 isAction: false MapWindowClient.tsx:30:22
[MAP CLIENT] message received — openMissionId: null elapsed: 162.113 isAction: false MapWindowClient.tsx:30:22
[MAP CLIENT] message received — openMissionId: null elapsed: 162.218 isAction: false MapWindowClient.tsx:30:22
[MAP CLIENT] message received — openMissionId: null elapsed: 162.318 isAction: false MapWindowClient.tsx:30:22
[MAP CLIENT] message received — openMissionId: null elapsed: 162.419 isAction: false MapWindowClient.tsx:30:22
[MAP CLIENT] message received — openMissionId: null elapsed: 162.524 isAction: false MapWindowClient.tsx:30:22
[MAP CLIENT] message received — openMissionId: null elapsed: 162.625 isAction: false MapWindowClient.tsx:30:22
[MAP CLIENT] message received — openMissionId: null elapsed: 162.73 isAction: false MapWindowClient.tsx:30:22
[MAP CLIENT] message received — openMissionId: null elapsed: 162.83 isAction: false MapWindowClient.tsx:30:22
[MAP CLIENT] message received — openMissionId: null elapsed: 162.935 isAction: false MapWindowClient.tsx:30:22
[MAP CLIENT] message received — openMissionId: null elapsed: 163.036 isAction: false MapWindowClient.tsx:30:22
[MAP CLIENT] message received — openMissionId: null elapsed: 163.141 isAction: false MapWindowClient.tsx:30:22
[MAP CLIENT] message received — openMissionId: null elapsed: 163.242 isAction: false MapWindowClient.tsx:30:22
[MAP CLIENT] message received — openMissionId: null elapsed: 163.347 isAction: false MapWindowClient.tsx:30:22
[MAP CLIENT] message received — openMissionId: null elapsed: 163.454 isAction: false MapWindowClient.tsx:30:22
[MAP CLIENT] message received — openMissionId: null elapsed: 163.559 isAction: false MapWindowClient.tsx:30:22
[MAP CLIENT] message received — openMissionId: null elapsed: 163.665 isAction: false MapWindowClient.tsx:30:22
[MAP CLIENT] message received — openMissionId: null elapsed: 163.766 isAction: false MapWindowClient.tsx:30:22
[MAP CLIENT] message received — openMissionId: null elapsed: 163.866 isAction: false MapWindowClient.tsx:30:22
[MAP CLIENT] message received — openMissionId: null elapsed: 163.971 isAction: false MapWindowClient.tsx:30:22
[MAP CLIENT] message received — openMissionId: null elapsed: 164.077 isAction: false MapWindowClient.tsx:30:22
[MAP CLIENT] message received — openMissionId: null elapsed: 164.183 isAction: false MapWindowClient.tsx:30:22
[MAP CLIENT] message received — openMissionId: null elapsed: 164.322 isAction: false MapWindowClient.tsx:30:22
[MAP CLIENT] message received — openMissionId: null elapsed: 164.424 isAction: false MapWindowClient.tsx:30:22
[MAP CLIENT] message received — openMissionId: null elapsed: 164.53 isAction: false MapWindowClient.tsx:30:22
[MAP CLIENT] message received — openMissionId: null elapsed: 164.636 isAction: false MapWindowClient.tsx:30:22
[MAP CLIENT] message received — openMissionId: null elapsed: 164.742 isAction: false MapWindowClient.tsx:30:22
[MAP CLIENT] message received — openMissionId: null elapsed: 164.842 isAction: false MapWindowClient.tsx:30:22
[MAP CLIENT] message received — openMissionId: null elapsed: 164.948 isAction: false MapWindowClient.tsx:30:22
[MAP CLIENT] message received — openMissionId: null elapsed: 165.054 isAction: false MapWindowClient.tsx:30:22
[MAP CLIENT] message received — openMissionId: null elapsed: 165.159 isAction: false MapWindowClient.tsx:30:22
[MAP CLIENT] message received — openMissionId: null elapsed: 165.26 isAction: false MapWindowClient.tsx:30:22
[MAP CLIENT] message received — openMissionId: null elapsed: 165.365 isAction: false MapWindowClient.tsx:30:22
[MAP CLIENT] message received — openMissionId: null elapsed: 165.471 isAction: false MapWindowClient.tsx:30:22
[MAP CLIENT] message received — openMissionId: null elapsed: 165.577 isAction: false MapWindowClient.tsx:30:22
[MAP CLIENT] message received — openMissionId: null elapsed: 165.683 isAction: false MapWindowClient.tsx:30:22
[MAP CLIENT] message received — openMissionId: null elapsed: 165.789 isAction: false MapWindowClient.tsx:30:22
[MAP CLIENT] message received — openMissionId: null elapsed: 165.889 isAction: false MapWindowClient.tsx:30:22
[MAP CLIENT] message received — openMissionId: null elapsed: 165.995 isAction: false MapWindowClient.tsx:30:22
[MAP CLIENT] message received — openMissionId: null elapsed: 166.101 isAction: false MapWindowClient.tsx:30:22
[MAP CLIENT] message received — openMissionId: null elapsed: 166.206 isAction: false MapWindowClient.tsx:30:22
[MAP CLIENT] message received — openMissionId: null elapsed: 166.306 isAction: false MapWindowClient.tsx:30:22
[MAP CLIENT] message received — openMissionId: null elapsed: 166.413 isAction: false MapWindowClient.tsx:30:22
[MAP CLIENT] message received — openMissionId: null elapsed: 166.519 isAction: false MapWindowClient.tsx:30:22
[MAP CLIENT] message received — openMissionId: null elapsed: 166.625 isAction: false MapWindowClient.tsx:30:22
[MAP CLIENT] message received — openMissionId: null elapsed: 166.73 isAction: false MapWindowClient.tsx:30:22
[MAP CLIENT] message received — openMissionId: null elapsed: 166.83 isAction: false MapWindowClient.tsx:30:22
[MAP CLIENT] message received — openMissionId: null elapsed: 166.936 isAction: false MapWindowClient.tsx:30:22
[MAP CLIENT] message received — openMissionId: null elapsed: 167.042 isAction: false MapWindowClient.tsx:30:22
[MAP CLIENT] message received — openMissionId: null elapsed: 167.148 isAction: false MapWindowClient.tsx:30:22
[MAP CLIENT] message received — openMissionId: null elapsed: 167.254 isAction: false MapWindowClient.tsx:30:22
[MAP CLIENT] message received — openMissionId: null elapsed: 167.36 isAction: false MapWindowClient.tsx:30:22
[MAP CLIENT] message received — openMissionId: null elapsed: 167.465 isAction: false MapWindowClient.tsx:30:22
[MAP CLIENT] message received — openMissionId: null elapsed: 167.566 isAction: false MapWindowClient.tsx:30:22
[MAP CLIENT] message received — openMissionId: null elapsed: 167.672 isAction: false MapWindowClient.tsx:30:22
[MAP CLIENT] message received — openMissionId: null elapsed: 167.777 isAction: false MapWindowClient.tsx:30:22
[MAP CLIENT] message received — openMissionId: null elapsed: 167.877 isAction: false MapWindowClient.tsx:30:22
[MAP CLIENT] message received — openMissionId: null elapsed: 167.983 isAction: false MapWindowClient.tsx:30:22
[MAP CLIENT] message received — openMissionId: null elapsed: 168.089 isAction: false MapWindowClient.tsx:30:22
[MAP CLIENT] message received — openMissionId: null elapsed: 168.195 isAction: false MapWindowClient.tsx:30:22
[MAP CLIENT] message received — openMissionId: null elapsed: 168.3 isAction: false MapWindowClient.tsx:30:22
[MAP CLIENT] message received — openMissionId: null elapsed: 168.401 isAction: false MapWindowClient.tsx:30:22
[MAP CLIENT] message received — openMissionId: null elapsed: 168.506 isAction: false MapWindowClient.tsx:30:22
[MAP CLIENT] message received — openMissionId: null elapsed: 168.612 isAction: false MapWindowClient.tsx:30:22
[MAP CLIENT] message received — openMissionId: null elapsed: 168.713 isAction: false MapWindowClient.tsx:30:22
[MAP CLIENT] message received — openMissionId: null elapsed: 168.818 isAction: false MapWindowClient.tsx:30:22
[MAP CLIENT] message received — openMissionId: null elapsed: 168.924 isAction: false MapWindowClient.tsx:30:22
[MAP CLIENT] message received — openMissionId: null elapsed: 169.03 isAction: false MapWindowClient.tsx:30:22
[MAP CLIENT] message received — openMissionId: null elapsed: 169.136 isAction: false MapWindowClient.tsx:30:22
[MAP CLIENT] message received — openMissionId: null elapsed: 169.242 isAction: false MapWindowClient.tsx:30:22
[MAP CLIENT] message received — openMissionId: null elapsed: 169.347 isAction: false MapWindowClient.tsx:30:22
[MAP CLIENT] message received — openMissionId: null elapsed: 169.448 isAction: false MapWindowClient.tsx:30:22
[MAP CLIENT] message received — openMissionId: null elapsed: 169.553 isAction: false MapWindowClient.tsx:30:22
[MAP CLIENT] message received — openMissionId: null elapsed: 169.654 isAction: false MapWindowClient.tsx:30:22
[MAP CLIENT] message received — openMissionId: null elapsed: 169.759 isAction: false MapWindowClient.tsx:30:22
[MAP CLIENT] message received — openMissionId: null elapsed: 169.86 isAction: false MapWindowClient.tsx:30:22
[MAP CLIENT] message received — openMissionId: null elapsed: 169.965 isAction: false MapWindowClient.tsx:30:22
[MAP CLIENT] message received — openMissionId: null elapsed: 170.071 isAction: false MapWindowClient.tsx:30:22
[MAP CLIENT] message received — openMissionId: null elapsed: 170.177 isAction: false MapWindowClient.tsx:30:22
[MAP CLIENT] message received — openMissionId: null elapsed: 170.283 isAction: false MapWindowClient.tsx:30:22
[MAP CLIENT] message received — openMissionId: null elapsed: 170.388 isAction: false MapWindowClient.tsx:30:22
[MAP CLIENT] message received — openMissionId: null elapsed: 170.495 isAction: false MapWindowClient.tsx:30:22
[MAP CLIENT] message received — openMissionId: null elapsed: 170.6 isAction: false MapWindowClient.tsx:30:22
[MAP CLIENT] message received — openMissionId: null elapsed: 170.701 isAction: false MapWindowClient.tsx:30:22
[MAP CLIENT] message received — openMissionId: null elapsed: 170.806 isAction: false MapWindowClient.tsx:30:22
[MAP CLIENT] message received — openMissionId: null elapsed: 170.912 isAction: false MapWindowClient.tsx:30:22
[MAP CLIENT] message received — openMissionId: null elapsed: 171.018 isAction: false MapWindowClient.tsx:30:22
[MAP CLIENT] message received — openMissionId: null elapsed: 171.119 isAction: false MapWindowClient.tsx:30:22
[MAP CLIENT] message received — openMissionId: null elapsed: 171.224 isAction: false MapWindowClient.tsx:30:22
[MAP CLIENT] message received — openMissionId: null elapsed: 171.324 isAction: false MapWindowClient.tsx:30:22
[MAP CLIENT] message received — openMissionId: null elapsed: 171.429 isAction: false MapWindowClient.tsx:30:22
[MAP CLIENT] message received — openMissionId: null elapsed: 171.53 isAction: false MapWindowClient.tsx:30:22
[MAP CLIENT] message received — openMissionId: null elapsed: 171.636 isAction: false MapWindowClient.tsx:30:22
[MAP CLIENT] message received — openMissionId: null elapsed: 171.742 isAction: false MapWindowClient.tsx:30:22
[MAP CLIENT] message received — openMissionId: null elapsed: 171.842 isAction: false MapWindowClient.tsx:30:22
[MAP CLIENT] message received — openMissionId: null elapsed: 171.947 isAction: false MapWindowClient.tsx:30:22
[MAP CLIENT] message received — openMissionId: null elapsed: 172.048 isAction: false MapWindowClient.tsx:30:22
[MAP CLIENT] message received — openMissionId: null elapsed: 172.153 isAction: false MapWindowClient.tsx:30:22
[MAP CLIENT] message received — openMissionId: null elapsed: 172.254 isAction: false MapWindowClient.tsx:30:22
[MAP CLIENT] message received — openMissionId: null elapsed: 172.354 isAction: false MapWindowClient.tsx:30:22
[MAP CLIENT] message received — openMissionId: null elapsed: 172.459 isAction: false MapWindowClient.tsx:30:22
[MAP CLIENT] message received — openMissionId: null elapsed: 172.565 isAction: false MapWindowClient.tsx:30:22
[MAP CLIENT] message received — openMissionId: null elapsed: 172.671 isAction: false MapWindowClient.tsx:30:22
[MAP CLIENT] message received — openMissionId: null elapsed: 172.777 isAction: false MapWindowClient.tsx:30:22
[MAP CLIENT] message received — openMissionId: null elapsed: 172.878 isAction: false MapWindowClient.tsx:30:22
[MAP CLIENT] message received — openMissionId: null elapsed: 172.983 isAction: false MapWindowClient.tsx:30:22
[MAP CLIENT] message received — openMissionId: null elapsed: 173.089 isAction: false MapWindowClient.tsx:30:22
[MAP CLIENT] message received — openMissionId: null elapsed: 173.195 isAction: false MapWindowClient.tsx:30:22
[MAP CLIENT] message received — openMissionId: null elapsed: 173.301 isAction: false MapWindowClient.tsx:30:22
[MAP CLIENT] message received — openMissionId: null elapsed: 173.401 isAction: false MapWindowClient.tsx:30:22
[MAP CLIENT] message received — openMissionId: null elapsed: 173.506 isAction: false MapWindowClient.tsx:30:22
[MAP CLIENT] message received — openMissionId: null elapsed: 173.612 isAction: false MapWindowClient.tsx:30:22
[MAP CLIENT] message received — openMissionId: null elapsed: 173.713 isAction: false MapWindowClient.tsx:30:22
[MAP CLIENT] message received — openMissionId: null elapsed: 173.818 isAction: false MapWindowClient.tsx:30:22
[MAP CLIENT] message received — openMissionId: null elapsed: 173.924 isAction: false MapWindowClient.tsx:30:22
[MAP CLIENT] message received — openMissionId: null elapsed: 174.03 isAction: false MapWindowClient.tsx:30:22
[MAP CLIENT] message received — openMissionId: null elapsed: 174.136 isAction: false MapWindowClient.tsx:30:22
[MAP CLIENT] message received — openMissionId: null elapsed: 174.241 isAction: false MapWindowClient.tsx:30:22
[MAP CLIENT] message received — openMissionId: null elapsed: 174.347 isAction: false MapWindowClient.tsx:30:22
[MAP CLIENT] message received — openMissionId: null elapsed: 174.448 isAction: false MapWindowClient.tsx:30:22
[MAP CLIENT] message received — openMissionId: null elapsed: 174.554 isAction: false MapWindowClient.tsx:30:22
[MAP CLIENT] message received — openMissionId: null elapsed: 174.659 isAction: false MapWindowClient.tsx:30:22
[MAP CLIENT] message received — openMissionId: null elapsed: 174.76 isAction: false MapWindowClient.tsx:30:22
[MAP CLIENT] message received — openMissionId: null elapsed: 174.86 isAction: false MapWindowClient.tsx:30:22
[MAP CLIENT] message received — openMissionId: null elapsed: 174.965 isAction: false MapWindowClient.tsx:30:22
[MAP CLIENT] message received — openMissionId: null elapsed: 175.071 isAction: false MapWindowClient.tsx:30:22
